cmos8njx4002m8ip9xnruiwey,NULL
cmql530zj00038ile8atoc5pw,NULL
cmmvuus8y00058iubjzbjhly0,NULL
cmmvuus94000b8iubcxgjqbdf,NULL
cmmvuus95000d8iubw9k59e6a,NULL
cmmvuus97000h8iub1ktr3r01,NULL
cmmvuus9c000l8iub3w9o6qhv,NULL
cmmvuus9e000p8iubnnzmknz9,NULL
cmmvuus9f000r8iubwtfbjeyo,NULL
cmmvuusa3001n8iub48sde2ii,NULL
cmmvuusa7001r8iubvshhmt02,NULL
cmmvuusam00238iubii0qn5s9,NULL
cmmvuusan00258iubaiexnqvs,NULL
cmmvuusao00278iubmdi9f1z9,NULL
cmnqpnhzv00018ionowf0dog3,NULL
cmmvuusau002b8iub9u9woeac,NULL
cmmvuusax002h8iub6wp5fjx6,NULL
cmmvuusaz002l8iubs0n55pfv,NULL
cmmvuusb1002p8iubixif066a,NULL
cmmuk9rhn014z8i46kegusj4t,NULL
cmmvuusb6002r8iub0leyq8u6,NULL
cmmvuusbe002v8iubfdzr89t0,NULL
cmmvuusev005x8iubfoqauo8n,NULL
cmmuk9rey00zh8i46731ec0gj,NULL
cmmvuusbn002z8iubra83sj83,NULL
cmmvuusbo00318iubckf9500l,NULL
cmmvuusbx00358iubojt63l8k,NULL
cmmuk9rms01fd8i46onxzfawg,NULL
cmmvuuscb003f8iub0bqvktjk,NULL
cmmvuuscg003l8iubue1o2ps7,NULL
cmmvuuscn003p8iub0umw84nt,NULL
cmmvuuscp003r8iub0aral91k,NULL
cmmvuuscq003t8iube84rg1r9,NULL
cmmvuusdj004j8iubef0ympc0,NULL
cmnqq0wu300g58ihdik8g17ma,NULL
cmmvuusdr004p8iub03vm7cqi,NULL
cmmvuuse700538iub8hhhzzgf,NULL
cmmvuusef005b8iubthm4vmgm,NULL
cmmvuuseg005d8iub3r1q6obn,NULL
cmmvuusel005l8iubrnqzkqcm,NULL
cmmvuuses005v8iubr5rqnvju,NULL
cmmvuuseo005p8iubykbn4lqi,NULL
