cmpzd8jv3000l8i20llbcnxfw,cmpzbzmh900038ipp16pozige
cmpzd8juu00058i208uco77up,cmpzbzmha00058ippnjyxl5nx
cmpzd8juw00078i20gbp8srd6,cmpzbzmha00058ippnjyxl5nx
cmpzd8jux00098i205ytnsedm,cmpzbzmh900038ipp16pozige
cmpzd8jv0000f8i207f02i53s,cmpzbzmh900038ipp16pozige
cmpzd8juz000d8i20ny5p4xra,cmpzbzmh900038ipp16pozige
cmpzd8jv1000h8i20r4274gym,cmpzbzmhb00078ippdoqvafqo
cmpzd8juy000b8i202kpmaehr,cmpzbzmh900038ipp16pozige
cmpzd8jv2000j8i2067g8ws3e,cmpzbzmhb00078ippdoqvafqo
cmpzd8jut00038i20vqasfyad,cmpzbzmh900038ipp16pozige
cmpzd8jv6000p8i20nr85jxzb,cmpzbzmha00058ippnjyxl5nx
cmpzd8jv7000r8i20xgdtj29b,cmpzbzmha00058ippnjyxl5nx
cmpzd8jv8000t8i209hnxtxqe,cmpzbzmha00058ippnjyxl5nx
cmpzd8jv9000v8i203ck8e8we,cmpzbzmhb00078ippdoqvafqo
cmpzd8jva000x8i200ewm47dq,cmpzbzmhb00078ippdoqvafqo
cmpzd8jvf00178i20on3y36oz,cmpzbzmha00058ippnjyxl5nx
cmpzd8jvm001l8i20wyfaqxz0,cmpzbzmhb00078ippdoqvafqo
cmpzd8jvd00138i20vyimaubj,cmpzbzmhb00078ippdoqvafqo
cmpzd8jve00158i20hs3wmi75,cmpzbzmhb00078ippdoqvafqo
cmpzd8jvg00198i209nu07gid,cmpzbzmhb00078ippdoqvafqo
cmpzd8jvh001b8i20xanvqnnu,cmpzbzmh900038ipp16pozige
cmpzd8jvo001p8i2096vuuv2r,cmpzbzmhb00078ippdoqvafqo
cmpzd8jvb000z8i20yowq05vi,cmpzbzmhb00078ippdoqvafqo
cmpzd8jvj001f8i20rw5wcrqo,cmpzbzmh900038ipp16pozige
cmpzd8jvk001h8i20wenippb1,cmpzbzmh900038ipp16pozige
cmpzd8jvc00118i20hgc1eapi,cmpzbzmhb00078ippdoqvafqo
cmpzd8jvn001n8i20c0b79s4w,cmpzbzmha00058ippnjyxl5nx
cmpzd8jvi001d8i20g3b5y4xe,cmpzbzmh900038ipp16pozige
cmpzd8juq00018i20cyfnzaz7,cmpzbzmh900038ipp16pozige
