id,userId,recordType,level,title,reason,decisionNumber,decisionDate,effectiveDate,expiryDate,signerName,signerPosition,issuingUnit,attachmentUrl,status,voidedAt,voidedBy,voidReason,deletedAt,deletedBy,createdAt,updatedAt,approvedAt,approvedBy,approverNote,proposedAt,proposedBy,rejectReason,reviewedAt,reviewedBy,reviewerNote,workflowStatus
cmlulccef0001t7g56wsxi3ur,cmlul7wss008dt7xradjtddm0,REWARD,UNIT,Hoàn thành xuất sắc nhiệm vụ năm 2024,Có thành tích xuất sắc trong công tác,,,2024-01-01 00:00:00,,,,,,ACTIVE,,,,,,2026-02-20 07:51:12.327,2026-02-20 07:51:12.327,,,,,,,,,,APPROVED
cmlulccen0003t7g5aa2v7mfa,cmlul7wsv008ht7xrp3cy8u5o,REWARD,UNIT,Hoàn thành xuất sắc nhiệm vụ năm 2024,Có thành tích xuất sắc trong công tác,,,2024-01-01 00:00:00,,,,,,ACTIVE,,,,,,2026-02-20 07:51:12.335,2026-02-20 07:51:12.335,,,,,,,,,,APPROVED
cmlulcces0005t7g5yx8gkatl,cmlul7wsy008lt7xrwrej3wqv,REWARD,UNIT,Hoàn thành xuất sắc nhiệm vụ năm 2024,Có thành tích xuất sắc trong công tác,,,2024-01-01 00:00:00,,,,,,ACTIVE,,,,,,2026-02-20 07:51:12.341,2026-02-20 07:51:12.341,,,,,,,,,,APPROVED
cmlulccew0007t7g5k4zlaiou,cmlul7wt2008pt7xrb13e3yrw,REWARD,UNIT,Hoàn thành xuất sắc nhiệm vụ năm 2024,Có thành tích xuất sắc trong công tác,,,2024-01-01 00:00:00,,,,,,ACTIVE,,,,,,2026-02-20 07:51:12.344,2026-02-20 07:51:12.344,,,,,,,,,,APPROVED
cmlulccez0009t7g5018rj2jd,cmlul7wt5008tt7xruw29cgxa,REWARD,UNIT,Hoàn thành xuất sắc nhiệm vụ năm 2024,Có thành tích xuất sắc trong công tác,,,2024-01-01 00:00:00,,,,,,ACTIVE,,,,,,2026-02-20 07:51:12.347,2026-02-20 07:51:12.347,,,,,,,,,,APPROVED
cmlulccf3000bt7g5e6zz3m3r,cmlul7wtd0091t7xrtw7ln4mo,REWARD,UNIT,Hoàn thành xuất sắc nhiệm vụ năm 2024,Có thành tích xuất sắc trong công tác,,,2024-01-01 00:00:00,,,,,,ACTIVE,,,,,,2026-02-20 07:51:12.351,2026-02-20 07:51:12.351,,,,,,,,,,APPROVED
cmlulccf6000dt7g54mtnp8y1,cmlul7wtg0095t7xrpd3uyd07,REWARD,UNIT,Hoàn thành xuất sắc nhiệm vụ năm 2024,Có thành tích xuất sắc trong công tác,,,2024-01-01 00:00:00,,,,,,ACTIVE,,,,,,2026-02-20 07:51:12.355,2026-02-20 07:51:12.355,,,,,,,,,,APPROVED
cmlulccf9000ft7g5z46azwmb,cmlul7wtj0099t7xrvcgi8jvw,REWARD,UNIT,Hoàn thành xuất sắc nhiệm vụ năm 2024,Có thành tích xuất sắc trong công tác,,,2024-01-01 00:00:00,,,,,,ACTIVE,,,,,,2026-02-20 07:51:12.358,2026-02-20 07:51:12.358,,,,,,,,,,APPROVED
cmlulccfd000ht7g53olkyq43,cmlul7wtn009dt7xrgsihrxn5,REWARD,UNIT,Hoàn thành xuất sắc nhiệm vụ năm 2024,Có thành tích xuất sắc trong công tác,,,2024-01-01 00:00:00,,,,,,ACTIVE,,,,,,2026-02-20 07:51:12.361,2026-02-20 07:51:12.361,,,,,,,,,,APPROVED
cmlulccfg000jt7g5kiswc1gg,cmlul7wtq009ht7xrqjazythz,REWARD,UNIT,Hoàn thành xuất sắc nhiệm vụ năm 2024,Có thành tích xuất sắc trong công tác,,,2024-01-01 00:00:00,,,,,,ACTIVE,,,,,,2026-02-20 07:51:12.365,2026-02-20 07:51:12.365,,,,,,,,,,APPROVED
cmlulccfk000lt7g53fhy05bd,cmlul7wtt009lt7xrtqu2kawn,REWARD,UNIT,Hoàn thành xuất sắc nhiệm vụ năm 2024,Có thành tích xuất sắc trong công tác,,,2024-01-01 00:00:00,,,,,,ACTIVE,,,,,,2026-02-20 07:51:12.368,2026-02-20 07:51:12.368,,,,,,,,,,APPROVED
cmlulccfn000nt7g5y1a0ior7,cmlul7wtx009pt7xr84rbjy5b,REWARD,UNIT,Hoàn thành xuất sắc nhiệm vụ năm 2024,Có thành tích xuất sắc trong công tác,,,2024-01-01 00:00:00,,,,,,ACTIVE,,,,,,2026-02-20 07:51:12.371,2026-02-20 07:51:12.371,,,,,,,,,,APPROVED
cmlulccfq000pt7g57h36wfsv,cmlul7wu0009tt7xrerlhkqn1,REWARD,UNIT,Hoàn thành xuất sắc nhiệm vụ năm 2024,Có thành tích xuất sắc trong công tác,,,2024-01-01 00:00:00,,,,,,ACTIVE,,,,,,2026-02-20 07:51:12.375,2026-02-20 07:51:12.375,,,,,,,,,,APPROVED
cmlulccfu000rt7g5ftkdo3pv,cmlul7wu3009xt7xrnlwb1gth,REWARD,UNIT,Hoàn thành xuất sắc nhiệm vụ năm 2024,Có thành tích xuất sắc trong công tác,,,2024-01-01 00:00:00,,,,,,ACTIVE,,,,,,2026-02-20 07:51:12.378,2026-02-20 07:51:12.378,,,,,,,,,,APPROVED
cmlulccfx000tt7g5akdeuani,cmlul7wu700a1t7xrf1mcae4l,REWARD,UNIT,Hoàn thành xuất sắc nhiệm vụ năm 2024,Có thành tích xuất sắc trong công tác,,,2024-01-01 00:00:00,,,,,,ACTIVE,,,,,,2026-02-20 07:51:12.382,2026-02-20 07:51:12.382,,,,,,,,,,APPROVED
cmlulccg0000vt7g5yb1lr1fg,cmlul7wua00a5t7xr6nrga3x0,REWARD,UNIT,Hoàn thành xuất sắc nhiệm vụ năm 2024,Có thành tích xuất sắc trong công tác,,,2024-01-01 00:00:00,,,,,,ACTIVE,,,,,,2026-02-20 07:51:12.385,2026-02-20 07:51:12.385,,,,,,,,,,APPROVED
cmlulccg4000xt7g5kx8wb3cd,cmlul7wuh00adt7xro400ypgb,REWARD,UNIT,Hoàn thành xuất sắc nhiệm vụ năm 2024,Có thành tích xuất sắc trong công tác,,,2024-01-01 00:00:00,,,,,,ACTIVE,,,,,,2026-02-20 07:51:12.388,2026-02-20 07:51:12.388,,,,,,,,,,APPROVED
cmlulccg7000zt7g5yboongkd,cmlul7wuk00aht7xrzqhg5kma,REWARD,UNIT,Hoàn thành xuất sắc nhiệm vụ năm 2024,Có thành tích xuất sắc trong công tác,,,2024-01-01 00:00:00,,,,,,ACTIVE,,,,,,2026-02-20 07:51:12.391,2026-02-20 07:51:12.391,,,,,,,,,,APPROVED
cmlulccga0011t7g5b1ksxnrh,cmlul7wuo00alt7xrp996edhf,REWARD,UNIT,Hoàn thành xuất sắc nhiệm vụ năm 2024,Có thành tích xuất sắc trong công tác,,,2024-01-01 00:00:00,,,,,,ACTIVE,,,,,,2026-02-20 07:51:12.394,2026-02-20 07:51:12.394,,,,,,,,,,APPROVED
cmlulccgd0013t7g5ay1za02m,cmlul7wur00apt7xrazexyww9,REWARD,UNIT,Hoàn thành xuất sắc nhiệm vụ năm 2024,Có thành tích xuất sắc trong công tác,,,2024-01-01 00:00:00,,,,,,ACTIVE,,,,,,2026-02-20 07:51:12.398,2026-02-20 07:51:12.398,,,,,,,,,,APPROVED
cmlulccgh0015t7g50kj6mcpv,cmlul7wuv00att7xre75s9c5f,REWARD,UNIT,Hoàn thành xuất sắc nhiệm vụ năm 2024,Có thành tích xuất sắc trong công tác,,,2024-01-01 00:00:00,,,,,,ACTIVE,,,,,,2026-02-20 07:51:12.401,2026-02-20 07:51:12.401,,,,,,,,,,APPROVED
cmlulccgk0017t7g5inlkd3i5,cmlul7wuy00axt7xrxagfd5x3,REWARD,UNIT,Hoàn thành xuất sắc nhiệm vụ năm 2024,Có thành tích xuất sắc trong công tác,,,2024-01-01 00:00:00,,,,,,ACTIVE,,,,,,2026-02-20 07:51:12.404,2026-02-20 07:51:12.404,,,,,,,,,,APPROVED
cmlulccgn0019t7g5pkw66xyk,cmlul7wv200b1t7xrf3sk4q3p,REWARD,UNIT,Hoàn thành xuất sắc nhiệm vụ năm 2024,Có thành tích xuất sắc trong công tác,,,2024-01-01 00:00:00,,,,,,ACTIVE,,,,,,2026-02-20 07:51:12.407,2026-02-20 07:51:12.407,,,,,,,,,,APPROVED
cmlulccgr001bt7g58663vxgz,cmlul7wv800b9t7xrmhiygbtl,REWARD,UNIT,Hoàn thành xuất sắc nhiệm vụ năm 2024,Có thành tích xuất sắc trong công tác,,,2024-01-01 00:00:00,,,,,,ACTIVE,,,,,,2026-02-20 07:51:12.411,2026-02-20 07:51:12.411,,,,,,,,,,APPROVED
cmlulccgv001dt7g5x2plhqr0,cmlul7wvb00bdt7xrxe6filg5,REWARD,UNIT,Hoàn thành xuất sắc nhiệm vụ năm 2024,Có thành tích xuất sắc trong công tác,,,2024-01-01 00:00:00,,,,,,ACTIVE,,,,,,2026-02-20 07:51:12.415,2026-02-20 07:51:12.415,,,,,,,,,,APPROVED
cmlulcch0001ft7g5muaw6cql,cmlul7wvi00blt7xrpy21gsbd,REWARD,UNIT,Hoàn thành xuất sắc nhiệm vụ năm 2024,Có thành tích xuất sắc trong công tác,,,2024-01-01 00:00:00,,,,,,ACTIVE,,,,,,2026-02-20 07:51:12.42,2026-02-20 07:51:12.42,,,,,,,,,,APPROVED
cmlulcch3001ht7g5wb924q4i,cmlul7wvm00bpt7xrpoahoes8,REWARD,UNIT,Hoàn thành xuất sắc nhiệm vụ năm 2024,Có thành tích xuất sắc trong công tác,,,2024-01-01 00:00:00,,,,,,ACTIVE,,,,,,2026-02-20 07:51:12.423,2026-02-20 07:51:12.423,,,,,,,,,,APPROVED
cmlulcch6001jt7g5tac1il3v,cmlul7wvp00btt7xr3csmtqk0,REWARD,UNIT,Hoàn thành xuất sắc nhiệm vụ năm 2024,Có thành tích xuất sắc trong công tác,,,2024-01-01 00:00:00,,,,,,ACTIVE,,,,,,2026-02-20 07:51:12.427,2026-02-20 07:51:12.427,,,,,,,,,,APPROVED
cmlulcch9001lt7g5ysbp1kb1,cmlul7wvt00bxt7xre3gvlcsh,REWARD,UNIT,Hoàn thành xuất sắc nhiệm vụ năm 2024,Có thành tích xuất sắc trong công tác,,,2024-01-01 00:00:00,,,,,,ACTIVE,,,,,,2026-02-20 07:51:12.43,2026-02-20 07:51:12.43,,,,,,,,,,APPROVED
cmlulcchd001nt7g5m72ju387,cmlul7wvw00c1t7xrj17u1mey,REWARD,UNIT,Hoàn thành xuất sắc nhiệm vụ năm 2024,Có thành tích xuất sắc trong công tác,,,2024-01-01 00:00:00,,,,,,ACTIVE,,,,,,2026-02-20 07:51:12.434,2026-02-20 07:51:12.434,,,,,,,,,,APPROVED
cmlulcchh001pt7g5wwrz9puo,cmlul7wvz00c5t7xrvmuocjdp,REWARD,UNIT,Hoàn thành xuất sắc nhiệm vụ năm 2024,Có thành tích xuất sắc trong công tác,,,2024-01-01 00:00:00,,,,,,ACTIVE,,,,,,2026-02-20 07:51:12.437,2026-02-20 07:51:12.437,,,,,,,,,,APPROVED
cmlulcchk001rt7g5rzg2tqlw,cmlul7ww200c9t7xrcq80q2ym,REWARD,UNIT,Hoàn thành xuất sắc nhiệm vụ năm 2024,Có thành tích xuất sắc trong công tác,,,2024-01-01 00:00:00,,,,,,ACTIVE,,,,,,2026-02-20 07:51:12.44,2026-02-20 07:51:12.44,,,,,,,,,,APPROVED
cmlulcchn001tt7g5t7isrtk4,cmlul7ww600cdt7xr13k135fk,REWARD,UNIT,Hoàn thành xuất sắc nhiệm vụ năm 2024,Có thành tích xuất sắc trong công tác,,,2024-01-01 00:00:00,,,,,,ACTIVE,,,,,,2026-02-20 07:51:12.443,2026-02-20 07:51:12.443,,,,,,,,,,APPROVED
cmlulcchq001vt7g5gzukmlox,cmlul7ww900cht7xrsdg8ynyn,REWARD,UNIT,Hoàn thành xuất sắc nhiệm vụ năm 2024,Có thành tích xuất sắc trong công tác,,,2024-01-01 00:00:00,,,,,,ACTIVE,,,,,,2026-02-20 07:51:12.447,2026-02-20 07:51:12.447,,,,,,,,,,APPROVED
cmlulcchu001xt7g5pq5mecsp,cmlul7wwc00clt7xr4r54koco,REWARD,UNIT,Hoàn thành xuất sắc nhiệm vụ năm 2024,Có thành tích xuất sắc trong công tác,,,2024-01-01 00:00:00,,,,,,ACTIVE,,,,,,2026-02-20 07:51:12.45,2026-02-20 07:51:12.45,,,,,,,,,,APPROVED
cmlulcchx001zt7g550pxav8p,cmlul7wwh00cpt7xrcd56cmbw,REWARD,UNIT,Hoàn thành xuất sắc nhiệm vụ năm 2024,Có thành tích xuất sắc trong công tác,,,2024-01-01 00:00:00,,,,,,ACTIVE,,,,,,2026-02-20 07:51:12.454,2026-02-20 07:51:12.454,,,,,,,,,,APPROVED
cmlulcci00021t7g5t6dlltz1,cmlul7wwl00ctt7xreuwk1yn5,REWARD,UNIT,Hoàn thành xuất sắc nhiệm vụ năm 2024,Có thành tích xuất sắc trong công tác,,,2024-01-01 00:00:00,,,,,,ACTIVE,,,,,,2026-02-20 07:51:12.457,2026-02-20 07:51:12.457,,,,,,,,,,APPROVED
cmlulcci40023t7g5khipxu2t,cmlul7wwr00d1t7xr7fztgyjp,REWARD,UNIT,Hoàn thành xuất sắc nhiệm vụ năm 2024,Có thành tích xuất sắc trong công tác,,,2024-01-01 00:00:00,,,,,,ACTIVE,,,,,,2026-02-20 07:51:12.46,2026-02-20 07:51:12.46,,,,,,,,,,APPROVED
cmlulcci70025t7g5fsn0lqcj,cmlul7wwv00d5t7xr3zrpfivx,REWARD,UNIT,Hoàn thành xuất sắc nhiệm vụ năm 2024,Có thành tích xuất sắc trong công tác,,,2024-01-01 00:00:00,,,,,,ACTIVE,,,,,,2026-02-20 07:51:12.463,2026-02-20 07:51:12.463,,,,,,,,,,APPROVED
cmlulccia0027t7g5vflh9qf6,cmlul7wwy00d9t7xrbmwfz4pq,REWARD,UNIT,Hoàn thành xuất sắc nhiệm vụ năm 2024,Có thành tích xuất sắc trong công tác,,,2024-01-01 00:00:00,,,,,,ACTIVE,,,,,,2026-02-20 07:51:12.467,2026-02-20 07:51:12.467,,,,,,,,,,APPROVED
cmlulccie0029t7g5427s62ak,cmlul7wx100ddt7xrhh5wykw7,REWARD,UNIT,Hoàn thành xuất sắc nhiệm vụ năm 2024,Có thành tích xuất sắc trong công tác,,,2024-01-01 00:00:00,,,,,,ACTIVE,,,,,,2026-02-20 07:51:12.47,2026-02-20 07:51:12.47,,,,,,,,,,APPROVED
cmlulccih002bt7g5xwn8xzr5,cmlul7wx500dht7xrcbxban13,REWARD,UNIT,Hoàn thành xuất sắc nhiệm vụ năm 2024,Có thành tích xuất sắc trong công tác,,,2024-01-01 00:00:00,,,,,,ACTIVE,,,,,,2026-02-20 07:51:12.474,2026-02-20 07:51:12.474,,,,,,,,,,APPROVED
cmlulccil002dt7g5t6hio1d4,cmlul7wx800dlt7xrahu9tfv2,REWARD,UNIT,Hoàn thành xuất sắc nhiệm vụ năm 2024,Có thành tích xuất sắc trong công tác,,,2024-01-01 00:00:00,,,,,,ACTIVE,,,,,,2026-02-20 07:51:12.478,2026-02-20 07:51:12.478,,,,,,,,,,APPROVED
cmlulccip002ft7g5og2yhaf1,cmlul7wxb00dpt7xrj577j341,REWARD,UNIT,Hoàn thành xuất sắc nhiệm vụ năm 2024,Có thành tích xuất sắc trong công tác,,,2024-01-01 00:00:00,,,,,,ACTIVE,,,,,,2026-02-20 07:51:12.482,2026-02-20 07:51:12.482,,,,,,,,,,APPROVED
cmlulcciu002ht7g5tbezu9qo,cmlul7wxf00dtt7xr0t7huhm5,REWARD,UNIT,Hoàn thành xuất sắc nhiệm vụ năm 2024,Có thành tích xuất sắc trong công tác,,,2024-01-01 00:00:00,,,,,,ACTIVE,,,,,,2026-02-20 07:51:12.486,2026-02-20 07:51:12.486,,,,,,,,,,APPROVED
cmlulccix002jt7g5hwceki2k,cmlul7wxj00dxt7xrhcg5777v,REWARD,UNIT,Hoàn thành xuất sắc nhiệm vụ năm 2024,Có thành tích xuất sắc trong công tác,,,2024-01-01 00:00:00,,,,,,ACTIVE,,,,,,2026-02-20 07:51:12.49,2026-02-20 07:51:12.49,,,,,,,,,,APPROVED
cmlulccj1002lt7g58hhmbgc0,cmlul7wxq00e5t7xr0t0gr2nq,REWARD,UNIT,Hoàn thành xuất sắc nhiệm vụ năm 2024,Có thành tích xuất sắc trong công tác,,,2024-01-01 00:00:00,,,,,,ACTIVE,,,,,,2026-02-20 07:51:12.493,2026-02-20 07:51:12.493,,,,,,,,,,APPROVED
cmlulccj4002nt7g5hb6y48ed,cmlul7wxu00e9t7xrbwvukyk7,REWARD,UNIT,Hoàn thành xuất sắc nhiệm vụ năm 2024,Có thành tích xuất sắc trong công tác,,,2024-01-01 00:00:00,,,,,,ACTIVE,,,,,,2026-02-20 07:51:12.496,2026-02-20 07:51:12.496,,,,,,,,,,APPROVED
cmlulccj7002pt7g5vfvb9d5t,cmlul7wxx00edt7xrhbwtqjrl,REWARD,UNIT,Hoàn thành xuất sắc nhiệm vụ năm 2024,Có thành tích xuất sắc trong công tác,,,2024-01-01 00:00:00,,,,,,ACTIVE,,,,,,2026-02-20 07:51:12.499,2026-02-20 07:51:12.499,,,,,,,,,,APPROVED
cmlulccjb002rt7g5t9ilzjhr,cmlul7wy300elt7xr657rdxoe,REWARD,UNIT,Hoàn thành xuất sắc nhiệm vụ năm 2024,Có thành tích xuất sắc trong công tác,,,2024-01-01 00:00:00,,,,,,ACTIVE,,,,,,2026-02-20 07:51:12.503,2026-02-20 07:51:12.503,,,,,,,,,,APPROVED
cmlulccjf002tt7g5ggwb2mip,cmlul7wy700ept7xr3560sm0m,REWARD,UNIT,Hoàn thành xuất sắc nhiệm vụ năm 2024,Có thành tích xuất sắc trong công tác,,,2024-01-01 00:00:00,,,,,,ACTIVE,,,,,,2026-02-20 07:51:12.507,2026-02-20 07:51:12.507,,,,,,,,,,APPROVED
cmlulccji002vt7g5ivdxubg5,cmlul7wya00ett7xrezd5afn2,REWARD,UNIT,Hoàn thành xuất sắc nhiệm vụ năm 2024,Có thành tích xuất sắc trong công tác,,,2024-01-01 00:00:00,,,,,,ACTIVE,,,,,,2026-02-20 07:51:12.51,2026-02-20 07:51:12.51,,,,,,,,,,APPROVED
cmlulccjl002xt7g5qf64ppcc,cmlul7wyd00ext7xr47oxplff,REWARD,UNIT,Hoàn thành xuất sắc nhiệm vụ năm 2024,Có thành tích xuất sắc trong công tác,,,2024-01-01 00:00:00,,,,,,ACTIVE,,,,,,2026-02-20 07:51:12.514,2026-02-20 07:51:12.514,,,,,,,,,,APPROVED
cmlulccjp002zt7g544v50wqi,cmlul7wyh00f1t7xrd3f4fwuz,REWARD,UNIT,Hoàn thành xuất sắc nhiệm vụ năm 2024,Có thành tích xuất sắc trong công tác,,,2024-01-01 00:00:00,,,,,,ACTIVE,,,,,,2026-02-20 07:51:12.518,2026-02-20 07:51:12.518,,,,,,,,,,APPROVED
cmlulccju0031t7g53xfv5wsm,cmlul7wyk00f5t7xryab4ww4g,REWARD,UNIT,Hoàn thành xuất sắc nhiệm vụ năm 2024,Có thành tích xuất sắc trong công tác,,,2024-01-01 00:00:00,,,,,,ACTIVE,,,,,,2026-02-20 07:51:12.522,2026-02-20 07:51:12.522,,,,,,,,,,APPROVED
cmlulccjy0033t7g5lkzfof7x,cmlul7wyn00f9t7xrmx17a91x,REWARD,UNIT,Hoàn thành xuất sắc nhiệm vụ năm 2024,Có thành tích xuất sắc trong công tác,,,2024-01-01 00:00:00,,,,,,ACTIVE,,,,,,2026-02-20 07:51:12.526,2026-02-20 07:51:12.526,,,,,,,,,,APPROVED
cmlulcck10035t7g5paa0u1ws,cmlul7wyr00fdt7xrp30ay6iy,REWARD,UNIT,Hoàn thành xuất sắc nhiệm vụ năm 2024,Có thành tích xuất sắc trong công tác,,,2024-01-01 00:00:00,,,,,,ACTIVE,,,,,,2026-02-20 07:51:12.53,2026-02-20 07:51:12.53,,,,,,,,,,APPROVED
cmlulcck60037t7g5etw4ogs1,cmlul7wyv00fht7xrvmgc4tj0,REWARD,UNIT,Hoàn thành xuất sắc nhiệm vụ năm 2024,Có thành tích xuất sắc trong công tác,,,2024-01-01 00:00:00,,,,,,ACTIVE,,,,,,2026-02-20 07:51:12.535,2026-02-20 07:51:12.535,,,,,,,,,,APPROVED
cmlulccka0039t7g55yzzndrc,cmlul7wyz00flt7xrceiyh5a9,REWARD,UNIT,Hoàn thành xuất sắc nhiệm vụ năm 2024,Có thành tích xuất sắc trong công tác,,,2024-01-01 00:00:00,,,,,,ACTIVE,,,,,,2026-02-20 07:51:12.539,2026-02-20 07:51:12.539,,,,,,,,,,APPROVED
cmlulccke003bt7g5497norx8,cmlul7wz300fpt7xr8brfowq4,REWARD,UNIT,Hoàn thành xuất sắc nhiệm vụ năm 2024,Có thành tích xuất sắc trong công tác,,,2024-01-01 00:00:00,,,,,,ACTIVE,,,,,,2026-02-20 07:51:12.542,2026-02-20 07:51:12.542,,,,,,,,,,APPROVED
cmlulcckh003dt7g54kp8dxi6,cmlul7wz600ftt7xrjq3raeuh,REWARD,UNIT,Hoàn thành xuất sắc nhiệm vụ năm 2024,Có thành tích xuất sắc trong công tác,,,2024-01-01 00:00:00,,,,,,ACTIVE,,,,,,2026-02-20 07:51:12.546,2026-02-20 07:51:12.546,,,,,,,,,,APPROVED
cmlulcckl003ft7g55yod5ipz,cmlul7wzd00g1t7xrkmd4dhw8,REWARD,UNIT,Hoàn thành xuất sắc nhiệm vụ năm 2024,Có thành tích xuất sắc trong công tác,,,2024-01-01 00:00:00,,,,,,ACTIVE,,,,,,2026-02-20 07:51:12.549,2026-02-20 07:51:12.549,,,,,,,,,,APPROVED
cmlulcckp003ht7g5hazhi4y9,cmlul7wzh00g5t7xrul8xs3es,REWARD,UNIT,Hoàn thành xuất sắc nhiệm vụ năm 2024,Có thành tích xuất sắc trong công tác,,,2024-01-01 00:00:00,,,,,,ACTIVE,,,,,,2026-02-20 07:51:12.554,2026-02-20 07:51:12.554,,,,,,,,,,APPROVED
cmlulcckt003jt7g56dup10ys,cmlul7wzk00g9t7xr68mlwgts,REWARD,UNIT,Hoàn thành xuất sắc nhiệm vụ năm 2024,Có thành tích xuất sắc trong công tác,,,2024-01-01 00:00:00,,,,,,ACTIVE,,,,,,2026-02-20 07:51:12.557,2026-02-20 07:51:12.557,,,,,,,,,,APPROVED
cmlulcckx003lt7g54tgzm5fm,cmlul7wzo00gdt7xrl332lj7n,REWARD,UNIT,Hoàn thành xuất sắc nhiệm vụ năm 2024,Có thành tích xuất sắc trong công tác,,,2024-01-01 00:00:00,,,,,,ACTIVE,,,,,,2026-02-20 07:51:12.561,2026-02-20 07:51:12.561,,,,,,,,,,APPROVED
cmlulccl0003nt7g5lz0nh88j,cmlul7wzr00ght7xrhvgmegjw,REWARD,UNIT,Hoàn thành xuất sắc nhiệm vụ năm 2024,Có thành tích xuất sắc trong công tác,,,2024-01-01 00:00:00,,,,,,ACTIVE,,,,,,2026-02-20 07:51:12.565,2026-02-20 07:51:12.565,,,,,,,,,,APPROVED
cmlulccl5003pt7g5n7btr0wz,cmlul7wzv00glt7xrsowexbrp,REWARD,UNIT,Hoàn thành xuất sắc nhiệm vụ năm 2024,Có thành tích xuất sắc trong công tác,,,2024-01-01 00:00:00,,,,,,ACTIVE,,,,,,2026-02-20 07:51:12.569,2026-02-20 07:51:12.569,,,,,,,,,,APPROVED
cmlulccl9003rt7g5ohjt7gs6,cmlul7wzz00gpt7xryryllc91,REWARD,UNIT,Hoàn thành xuất sắc nhiệm vụ năm 2024,Có thành tích xuất sắc trong công tác,,,2024-01-01 00:00:00,,,,,,ACTIVE,,,,,,2026-02-20 07:51:12.573,2026-02-20 07:51:12.573,,,,,,,,,,APPROVED
cmlulcclc003tt7g5r01y8p54,cmlul7x0300gtt7xrwp6k2299,REWARD,UNIT,Hoàn thành xuất sắc nhiệm vụ năm 2024,Có thành tích xuất sắc trong công tác,,,2024-01-01 00:00:00,,,,,,ACTIVE,,,,,,2026-02-20 07:51:12.576,2026-02-20 07:51:12.576,,,,,,,,,,APPROVED
cmlulcclg003vt7g53981ipmh,cmlul7x0600gxt7xrm10j17gf,REWARD,UNIT,Hoàn thành xuất sắc nhiệm vụ năm 2024,Có thành tích xuất sắc trong công tác,,,2024-01-01 00:00:00,,,,,,ACTIVE,,,,,,2026-02-20 07:51:12.581,2026-02-20 07:51:12.581,,,,,,,,,,APPROVED
cmlulcclk003xt7g50hb52xfp,cmlul7x0900h1t7xrhbk3u6x0,REWARD,UNIT,Hoàn thành xuất sắc nhiệm vụ năm 2024,Có thành tích xuất sắc trong công tác,,,2024-01-01 00:00:00,,,,,,ACTIVE,,,,,,2026-02-20 07:51:12.585,2026-02-20 07:51:12.585,,,,,,,,,,APPROVED
cmlulcclo003zt7g5rw4bbfld,cmlul7x0d00h5t7xrdg7simvi,REWARD,UNIT,Hoàn thành xuất sắc nhiệm vụ năm 2024,Có thành tích xuất sắc trong công tác,,,2024-01-01 00:00:00,,,,,,ACTIVE,,,,,,2026-02-20 07:51:12.589,2026-02-20 07:51:12.589,,,,,,,,,,APPROVED
cmlulccls0041t7g5cwnugp02,cmlul7x0j00hdt7xrwhle6hn9,REWARD,UNIT,Hoàn thành xuất sắc nhiệm vụ năm 2024,Có thành tích xuất sắc trong công tác,,,2024-01-01 00:00:00,,,,,,ACTIVE,,,,,,2026-02-20 07:51:12.592,2026-02-20 07:51:12.592,,,,,,,,,,APPROVED
cmlulcclv0043t7g5yga3dxi6,cmlul7x0n00hht7xrr7gun89p,REWARD,UNIT,Hoàn thành xuất sắc nhiệm vụ năm 2024,Có thành tích xuất sắc trong công tác,,,2024-01-01 00:00:00,,,,,,ACTIVE,,,,,,2026-02-20 07:51:12.596,2026-02-20 07:51:12.596,,,,,,,,,,APPROVED
cmlulccm00045t7g5ntd2gqh8,cmlul7x0t00hpt7xruzzx9qjc,REWARD,UNIT,Hoàn thành xuất sắc nhiệm vụ năm 2024,Có thành tích xuất sắc trong công tác,,,2024-01-01 00:00:00,,,,,,ACTIVE,,,,,,2026-02-20 07:51:12.6,2026-02-20 07:51:12.6,,,,,,,,,,APPROVED
cmlulccm40047t7g5r0la7ve4,cmlul7x0x00htt7xrkupfo0sj,REWARD,UNIT,Hoàn thành xuất sắc nhiệm vụ năm 2024,Có thành tích xuất sắc trong công tác,,,2024-01-01 00:00:00,,,,,,ACTIVE,,,,,,2026-02-20 07:51:12.605,2026-02-20 07:51:12.605,,,,,,,,,,APPROVED
cmlulccm80049t7g58a51ypl3,cmlul7x1000hxt7xrclnv8c58,REWARD,UNIT,Hoàn thành xuất sắc nhiệm vụ năm 2024,Có thành tích xuất sắc trong công tác,,,2024-01-01 00:00:00,,,,,,ACTIVE,,,,,,2026-02-20 07:51:12.608,2026-02-20 07:51:12.608,,,,,,,,,,APPROVED
cmlulccmb004bt7g5gp0e5ng6,cmlul7x1400i1t7xrkjlg3xgp,REWARD,UNIT,Hoàn thành xuất sắc nhiệm vụ năm 2024,Có thành tích xuất sắc trong công tác,,,2024-01-01 00:00:00,,,,,,ACTIVE,,,,,,2026-02-20 07:51:12.612,2026-02-20 07:51:12.612,,,,,,,,,,APPROVED
cmlulccmf004dt7g5rlr266gg,cmlul7x1700i5t7xr9erw0y0t,REWARD,UNIT,Hoàn thành xuất sắc nhiệm vụ năm 2024,Có thành tích xuất sắc trong công tác,,,2024-01-01 00:00:00,,,,,,ACTIVE,,,,,,2026-02-20 07:51:12.615,2026-02-20 07:51:12.615,,,,,,,,,,APPROVED
cmlulccmi004ft7g5dyax2bju,cmlul7x1a00i9t7xr4qtc50p7,REWARD,UNIT,Hoàn thành xuất sắc nhiệm vụ năm 2024,Có thành tích xuất sắc trong công tác,,,2024-01-01 00:00:00,,,,,,ACTIVE,,,,,,2026-02-20 07:51:12.618,2026-02-20 07:51:12.618,,,,,,,,,,APPROVED
cmlulccml004ht7g5eilx9g42,cmlul7x1d00idt7xr0y7kwab9,REWARD,UNIT,Hoàn thành xuất sắc nhiệm vụ năm 2024,Có thành tích xuất sắc trong công tác,,,2024-01-01 00:00:00,,,,,,ACTIVE,,,,,,2026-02-20 07:51:12.621,2026-02-20 07:51:12.621,,,,,,,,,,APPROVED
cmlulccmo004jt7g552c3v5c3,cmlul7x1h00iht7xribojour4,REWARD,UNIT,Hoàn thành xuất sắc nhiệm vụ năm 2024,Có thành tích xuất sắc trong công tác,,,2024-01-01 00:00:00,,,,,,ACTIVE,,,,,,2026-02-20 07:51:12.625,2026-02-20 07:51:12.625,,,,,,,,,,APPROVED
cmlulccms004lt7g5r4mxrg1g,cmlul7x1k00ilt7xrov0j5t3a,REWARD,UNIT,Hoàn thành xuất sắc nhiệm vụ năm 2024,Có thành tích xuất sắc trong công tác,,,2024-01-01 00:00:00,,,,,,ACTIVE,,,,,,2026-02-20 07:51:12.628,2026-02-20 07:51:12.628,,,,,,,,,,APPROVED
cmlulccmv004nt7g5crjeedch,cmlul7x1o00ipt7xrs2rhgucv,REWARD,UNIT,Hoàn thành xuất sắc nhiệm vụ năm 2024,Có thành tích xuất sắc trong công tác,,,2024-01-01 00:00:00,,,,,,ACTIVE,,,,,,2026-02-20 07:51:12.631,2026-02-20 07:51:12.631,,,,,,,,,,APPROVED
cmlulccmz004pt7g57iuxufqt,cmlul7x1r00itt7xrkkj4i2w8,REWARD,UNIT,Hoàn thành xuất sắc nhiệm vụ năm 2024,Có thành tích xuất sắc trong công tác,,,2024-01-01 00:00:00,,,,,,ACTIVE,,,,,,2026-02-20 07:51:12.635,2026-02-20 07:51:12.635,,,,,,,,,,APPROVED
cmlulccn2004rt7g5z6na2jlm,cmlul7x1z00j1t7xraqcbehmq,REWARD,UNIT,Hoàn thành xuất sắc nhiệm vụ năm 2024,Có thành tích xuất sắc trong công tác,,,2024-01-01 00:00:00,,,,,,ACTIVE,,,,,,2026-02-20 07:51:12.638,2026-02-20 07:51:12.638,,,,,,,,,,APPROVED
cmlulccn5004tt7g5z7k8ihik,cmlul7x2200j5t7xr9okwhy2a,REWARD,UNIT,Hoàn thành xuất sắc nhiệm vụ năm 2024,Có thành tích xuất sắc trong công tác,,,2024-01-01 00:00:00,,,,,,ACTIVE,,,,,,2026-02-20 07:51:12.641,2026-02-20 07:51:12.641,,,,,,,,,,APPROVED
cmlulccn8004vt7g54iznzcvb,cmlul7x2600j9t7xrv1s76gfa,REWARD,UNIT,Hoàn thành xuất sắc nhiệm vụ năm 2024,Có thành tích xuất sắc trong công tác,,,2024-01-01 00:00:00,,,,,,ACTIVE,,,,,,2026-02-20 07:51:12.644,2026-02-20 07:51:12.644,,,,,,,,,,APPROVED
cmlulccnc004xt7g5228cmrez,cmlul7x2a00jdt7xr6qvy9ywb,REWARD,UNIT,Hoàn thành xuất sắc nhiệm vụ năm 2024,Có thành tích xuất sắc trong công tác,,,2024-01-01 00:00:00,,,,,,ACTIVE,,,,,,2026-02-20 07:51:12.648,2026-02-20 07:51:12.648,,,,,,,,,,APPROVED
cmlulccng004zt7g581pia8ft,cmlul7x2d00jht7xra1wor380,REWARD,UNIT,Hoàn thành xuất sắc nhiệm vụ năm 2024,Có thành tích xuất sắc trong công tác,,,2024-01-01 00:00:00,,,,,,ACTIVE,,,,,,2026-02-20 07:51:12.653,2026-02-20 07:51:12.653,,,,,,,,,,APPROVED
cmlulccnk0051t7g5xe66b5hs,cmlul7wlp0005t7xrwqb55cea,REWARD,UNIT,Hoàn thành xuất sắc nhiệm vụ năm 2024,Có thành tích xuất sắc trong công tác,,,2024-01-01 00:00:00,,,,,,ACTIVE,,,,,,2026-02-20 07:51:12.656,2026-02-20 07:51:12.656,,,,,,,,,,APPROVED
cmlulccno0053t7g5k74k1twf,cmlul7wlu0009t7xruj86gijx,REWARD,UNIT,Hoàn thành xuất sắc nhiệm vụ năm 2024,Có thành tích xuất sắc trong công tác,,,2024-01-01 00:00:00,,,,,,ACTIVE,,,,,,2026-02-20 07:51:12.66,2026-02-20 07:51:12.66,,,,,,,,,,APPROVED
cmlulccnr0055t7g5uz7nyeks,cmlul7wly000dt7xr3ocxrpj2,REWARD,UNIT,Hoàn thành xuất sắc nhiệm vụ năm 2024,Có thành tích xuất sắc trong công tác,,,2024-01-01 00:00:00,,,,,,ACTIVE,,,,,,2026-02-20 07:51:12.664,2026-02-20 07:51:12.664,,,,,,,,,,APPROVED
cmlulccnw0057t7g5buexrcny,cmlul7wm2000ht7xrg3nsx1a1,REWARD,UNIT,Hoàn thành xuất sắc nhiệm vụ năm 2024,Có thành tích xuất sắc trong công tác,,,2024-01-01 00:00:00,,,,,,ACTIVE,,,,,,2026-02-20 07:51:12.668,2026-02-20 07:51:12.668,,,,,,,,,,APPROVED
cmlulccnz0059t7g5oq9zn3y7,cmlul7wm6000lt7xrtqluaaza,REWARD,UNIT,Hoàn thành xuất sắc nhiệm vụ năm 2024,Có thành tích xuất sắc trong công tác,,,2024-01-01 00:00:00,,,,,,ACTIVE,,,,,,2026-02-20 07:51:12.671,2026-02-20 07:51:12.671,,,,,,,,,,APPROVED
cmlulcco2005bt7g5ylsdnaey,cmlul7wma000pt7xr56rthr6w,REWARD,UNIT,Hoàn thành xuất sắc nhiệm vụ năm 2024,Có thành tích xuất sắc trong công tác,,,2024-01-01 00:00:00,,,,,,ACTIVE,,,,,,2026-02-20 07:51:12.675,2026-02-20 07:51:12.675,,,,,,,,,,APPROVED
cmlulcco6005dt7g5qt33mks3,cmlul7wme000tt7xrpm75m9al,REWARD,UNIT,Hoàn thành xuất sắc nhiệm vụ năm 2024,Có thành tích xuất sắc trong công tác,,,2024-01-01 00:00:00,,,,,,ACTIVE,,,,,,2026-02-20 07:51:12.678,2026-02-20 07:51:12.678,,,,,,,,,,APPROVED
cmlulcco9005ft7g53sgc5co2,cmlul7wmh000xt7xrtbqq7lco,REWARD,UNIT,Hoàn thành xuất sắc nhiệm vụ năm 2024,Có thành tích xuất sắc trong công tác,,,2024-01-01 00:00:00,,,,,,ACTIVE,,,,,,2026-02-20 07:51:12.681,2026-02-20 07:51:12.681,,,,,,,,,,APPROVED
cmlulccoc005ht7g5uydtao29,cmlul7wmo0015t7xr330hvwx6,REWARD,UNIT,Hoàn thành xuất sắc nhiệm vụ năm 2024,Có thành tích xuất sắc trong công tác,,,2024-01-01 00:00:00,,,,,,ACTIVE,,,,,,2026-02-20 07:51:12.684,2026-02-20 07:51:12.684,,,,,,,,,,APPROVED
cmlulccog005jt7g5qjz0u08s,cmlul7wms0019t7xrnhk7sgfm,REWARD,UNIT,Hoàn thành xuất sắc nhiệm vụ năm 2024,Có thành tích xuất sắc trong công tác,,,2024-01-01 00:00:00,,,,,,ACTIVE,,,,,,2026-02-20 07:51:12.689,2026-02-20 07:51:12.689,,,,,,,,,,APPROVED
cmlulccok005lt7g51u7d9oid,cmlul7wmv001dt7xrljn2sjhp,REWARD,UNIT,Hoàn thành xuất sắc nhiệm vụ năm 2024,Có thành tích xuất sắc trong công tác,,,2024-01-01 00:00:00,,,,,,ACTIVE,,,,,,2026-02-20 07:51:12.692,2026-02-20 07:51:12.692,,,,,,,,,,APPROVED
cmlulccon005nt7g5bf5jx5kq,cmlul7wmz001ht7xr4bheaqn2,REWARD,UNIT,Hoàn thành xuất sắc nhiệm vụ năm 2024,Có thành tích xuất sắc trong công tác,,,2024-01-01 00:00:00,,,,,,ACTIVE,,,,,,2026-02-20 07:51:12.695,2026-02-20 07:51:12.695,,,,,,,,,,APPROVED
cmlulccoq005pt7g5jvqmg1hf,cmlul7wn2001lt7xrgwrs49e7,REWARD,UNIT,Hoàn thành xuất sắc nhiệm vụ năm 2024,Có thành tích xuất sắc trong công tác,,,2024-01-01 00:00:00,,,,,,ACTIVE,,,,,,2026-02-20 07:51:12.698,2026-02-20 07:51:12.698,,,,,,,,,,APPROVED
cmlulccot005rt7g5jiiw3538,cmlul7wn6001pt7xr977ze2mm,REWARD,UNIT,Hoàn thành xuất sắc nhiệm vụ năm 2024,Có thành tích xuất sắc trong công tác,,,2024-01-01 00:00:00,,,,,,ACTIVE,,,,,,2026-02-20 07:51:12.701,2026-02-20 07:51:12.701,,,,,,,,,,APPROVED
cmlulccox005tt7g5tl5k321o,cmlul7wn9001tt7xri1t8fn75,REWARD,UNIT,Hoàn thành xuất sắc nhiệm vụ năm 2024,Có thành tích xuất sắc trong công tác,,,2024-01-01 00:00:00,,,,,,ACTIVE,,,,,,2026-02-20 07:51:12.705,2026-02-20 07:51:12.705,,,,,,,,,,APPROVED
cmlulccoz005vt7g5zgpjhpry,cmlul7wnc001xt7xrxrgzarxi,REWARD,UNIT,Hoàn thành xuất sắc nhiệm vụ năm 2024,Có thành tích xuất sắc trong công tác,,,2024-01-01 00:00:00,,,,,,ACTIVE,,,,,,2026-02-20 07:51:12.708,2026-02-20 07:51:12.708,,,,,,,,,,APPROVED
cmlulccp2005xt7g5ct427yvz,cmlul7wng0021t7xrprwzgmo0,REWARD,UNIT,Hoàn thành xuất sắc nhiệm vụ năm 2024,Có thành tích xuất sắc trong công tác,,,2024-01-01 00:00:00,,,,,,ACTIVE,,,,,,2026-02-20 07:51:12.711,2026-02-20 07:51:12.711,,,,,,,,,,APPROVED
cmlulccp5005zt7g5jb2y9pzm,cmlul7wnj0025t7xr7l0zcfib,REWARD,UNIT,Hoàn thành xuất sắc nhiệm vụ năm 2024,Có thành tích xuất sắc trong công tác,,,2024-01-01 00:00:00,,,,,,ACTIVE,,,,,,2026-02-20 07:51:12.714,2026-02-20 07:51:12.714,,,,,,,,,,APPROVED
cmlulccp90061t7g52xet1rlb,cmlul7wnq002dt7xrvuws01ba,REWARD,UNIT,Hoàn thành xuất sắc nhiệm vụ năm 2024,Có thành tích xuất sắc trong công tác,,,2024-01-01 00:00:00,,,,,,ACTIVE,,,,,,2026-02-20 07:51:12.717,2026-02-20 07:51:12.717,,,,,,,,,,APPROVED
cmlulccpc0063t7g5j942d3b0,cmlul7wnt002ht7xrs4iwlcow,REWARD,UNIT,Hoàn thành xuất sắc nhiệm vụ năm 2024,Có thành tích xuất sắc trong công tác,,,2024-01-01 00:00:00,,,,,,ACTIVE,,,,,,2026-02-20 07:51:12.72,2026-02-20 07:51:12.72,,,,,,,,,,APPROVED
cmlulccpg0065t7g53rp2l7qi,cmlul7wnx002lt7xrnkxryx49,REWARD,UNIT,Hoàn thành xuất sắc nhiệm vụ năm 2024,Có thành tích xuất sắc trong công tác,,,2024-01-01 00:00:00,,,,,,ACTIVE,,,,,,2026-02-20 07:51:12.724,2026-02-20 07:51:12.724,,,,,,,,,,APPROVED
cmlulccpk0067t7g5rvc0yofc,cmlul7wo0002pt7xre9wglh2h,REWARD,UNIT,Hoàn thành xuất sắc nhiệm vụ năm 2024,Có thành tích xuất sắc trong công tác,,,2024-01-01 00:00:00,,,,,,ACTIVE,,,,,,2026-02-20 07:51:12.728,2026-02-20 07:51:12.728,,,,,,,,,,APPROVED
cmlulccpn0069t7g5x63hf2dr,cmlul7wo3002tt7xr2fugch6z,REWARD,UNIT,Hoàn thành xuất sắc nhiệm vụ năm 2024,Có thành tích xuất sắc trong công tác,,,2024-01-01 00:00:00,,,,,,ACTIVE,,,,,,2026-02-20 07:51:12.732,2026-02-20 07:51:12.732,,,,,,,,,,APPROVED
cmlulccpq006bt7g55el6gvdx,cmlul7woa0031t7xrqc3bfvr8,REWARD,UNIT,Hoàn thành xuất sắc nhiệm vụ năm 2024,Có thành tích xuất sắc trong công tác,,,2024-01-01 00:00:00,,,,,,ACTIVE,,,,,,2026-02-20 07:51:12.734,2026-02-20 07:51:12.734,,,,,,,,,,APPROVED
cmlulccpt006dt7g5kccuztbk,cmlul7wod0035t7xrw01759j8,REWARD,UNIT,Hoàn thành xuất sắc nhiệm vụ năm 2024,Có thành tích xuất sắc trong công tác,,,2024-01-01 00:00:00,,,,,,ACTIVE,,,,,,2026-02-20 07:51:12.737,2026-02-20 07:51:12.737,,,,,,,,,,APPROVED
cmlulccpw006ft7g5oxqsoqbh,cmlul7woh0039t7xrer7qo9sn,REWARD,UNIT,Hoàn thành xuất sắc nhiệm vụ năm 2024,Có thành tích xuất sắc trong công tác,,,2024-01-01 00:00:00,,,,,,ACTIVE,,,,,,2026-02-20 07:51:12.741,2026-02-20 07:51:12.741,,,,,,,,,,APPROVED
cmlulccq0006ht7g5ss8t024y,cmlul7wok003dt7xrd3v6oapm,REWARD,UNIT,Hoàn thành xuất sắc nhiệm vụ năm 2024,Có thành tích xuất sắc trong công tác,,,2024-01-01 00:00:00,,,,,,ACTIVE,,,,,,2026-02-20 07:51:12.744,2026-02-20 07:51:12.744,,,,,,,,,,APPROVED
cmlulccq3006jt7g5cywq061e,cmlul7won003ht7xrsbqypgek,REWARD,UNIT,Hoàn thành xuất sắc nhiệm vụ năm 2024,Có thành tích xuất sắc trong công tác,,,2024-01-01 00:00:00,,,,,,ACTIVE,,,,,,2026-02-20 07:51:12.747,2026-02-20 07:51:12.747,,,,,,,,,,APPROVED
cmlulccq6006lt7g5islyaq6m,cmlul7wor003lt7xrnhcgfsga,REWARD,UNIT,Hoàn thành xuất sắc nhiệm vụ năm 2024,Có thành tích xuất sắc trong công tác,,,2024-01-01 00:00:00,,,,,,ACTIVE,,,,,,2026-02-20 07:51:12.75,2026-02-20 07:51:12.75,,,,,,,,,,APPROVED
cmlulccq9006nt7g5esri645w,cmlul7wox003tt7xrjxh5zhw5,REWARD,UNIT,Hoàn thành xuất sắc nhiệm vụ năm 2024,Có thành tích xuất sắc trong công tác,,,2024-01-01 00:00:00,,,,,,ACTIVE,,,,,,2026-02-20 07:51:12.753,2026-02-20 07:51:12.753,,,,,,,,,,APPROVED
cmlulccqd006pt7g53rtsyn4s,cmlul7woz003vt7xryef57ztn,REWARD,UNIT,Hoàn thành xuất sắc nhiệm vụ năm 2024,Có thành tích xuất sắc trong công tác,,,2024-01-01 00:00:00,,,,,,ACTIVE,,,,,,2026-02-20 07:51:12.757,2026-02-20 07:51:12.757,,,,,,,,,,APPROVED
cmlulccqh006rt7g5112orlau,cmlul7wp1003xt7xra3d0oqy6,REWARD,UNIT,Hoàn thành xuất sắc nhiệm vụ năm 2024,Có thành tích xuất sắc trong công tác,,,2024-01-01 00:00:00,,,,,,ACTIVE,,,,,,2026-02-20 07:51:12.761,2026-02-20 07:51:12.761,,,,,,,,,,APPROVED
cmlulccqk006tt7g5revl0h0i,cmlul7wp3003zt7xraxp25xha,REWARD,UNIT,Hoàn thành xuất sắc nhiệm vụ năm 2024,Có thành tích xuất sắc trong công tác,,,2024-01-01 00:00:00,,,,,,ACTIVE,,,,,,2026-02-20 07:51:12.764,2026-02-20 07:51:12.764,,,,,,,,,,APPROVED
cmlulccqn006vt7g5fbf9or2c,cmlul7wp50041t7xr1ea22ngc,REWARD,UNIT,Hoàn thành xuất sắc nhiệm vụ năm 2024,Có thành tích xuất sắc trong công tác,,,2024-01-01 00:00:00,,,,,,ACTIVE,,,,,,2026-02-20 07:51:12.768,2026-02-20 07:51:12.768,,,,,,,,,,APPROVED
cmlulccqq006xt7g5b346qv6w,cmlul7wp70043t7xr80vj6a5s,REWARD,UNIT,Hoàn thành xuất sắc nhiệm vụ năm 2024,Có thành tích xuất sắc trong công tác,,,2024-01-01 00:00:00,,,,,,ACTIVE,,,,,,2026-02-20 07:51:12.771,2026-02-20 07:51:12.771,,,,,,,,,,APPROVED
cmlulccqu006zt7g529cse7ey,cmlul7wp90045t7xr2485azsn,REWARD,UNIT,Hoàn thành xuất sắc nhiệm vụ năm 2024,Có thành tích xuất sắc trong công tác,,,2024-01-01 00:00:00,,,,,,ACTIVE,,,,,,2026-02-20 07:51:12.774,2026-02-20 07:51:12.774,,,,,,,,,,APPROVED
cmlulccqx0071t7g5xrv3khrv,cmlul7wpd0049t7xrtovurt5d,REWARD,UNIT,Hoàn thành xuất sắc nhiệm vụ năm 2024,Có thành tích xuất sắc trong công tác,,,2024-01-01 00:00:00,,,,,,ACTIVE,,,,,,2026-02-20 07:51:12.778,2026-02-20 07:51:12.778,,,,,,,,,,APPROVED
cmlulccr10073t7g5boircga3,cmlul7wpg004dt7xrq1o734ye,REWARD,UNIT,Hoàn thành xuất sắc nhiệm vụ năm 2024,Có thành tích xuất sắc trong công tác,,,2024-01-01 00:00:00,,,,,,ACTIVE,,,,,,2026-02-20 07:51:12.782,2026-02-20 07:51:12.782,,,,,,,,,,APPROVED
cmlulccr40075t7g5p5h2te9o,cmlul7wpj004ht7xr5jy307lx,REWARD,UNIT,Hoàn thành xuất sắc nhiệm vụ năm 2024,Có thành tích xuất sắc trong công tác,,,2024-01-01 00:00:00,,,,,,ACTIVE,,,,,,2026-02-20 07:51:12.785,2026-02-20 07:51:12.785,,,,,,,,,,APPROVED
cmlulccr80077t7g5bffq301u,cmlul7wpq004pt7xrtry1xger,REWARD,UNIT,Hoàn thành xuất sắc nhiệm vụ năm 2024,Có thành tích xuất sắc trong công tác,,,2024-01-01 00:00:00,,,,,,ACTIVE,,,,,,2026-02-20 07:51:12.788,2026-02-20 07:51:12.788,,,,,,,,,,APPROVED
cmlulccrb0079t7g5h8a7xvj1,cmlul7wpt004tt7xrlzbe8b4h,REWARD,UNIT,Hoàn thành xuất sắc nhiệm vụ năm 2024,Có thành tích xuất sắc trong công tác,,,2024-01-01 00:00:00,,,,,,ACTIVE,,,,,,2026-02-20 07:51:12.791,2026-02-20 07:51:12.791,,,,,,,,,,APPROVED
cmlulccre007bt7g5iuktaiwz,cmlul7wpx004xt7xrmt9iilma,REWARD,UNIT,Hoàn thành xuất sắc nhiệm vụ năm 2024,Có thành tích xuất sắc trong công tác,,,2024-01-01 00:00:00,,,,,,ACTIVE,,,,,,2026-02-20 07:51:12.794,2026-02-20 07:51:12.794,,,,,,,,,,APPROVED
cmlulccri007dt7g5rpo4whwy,cmlul7wq00051t7xr0p1z0fhg,REWARD,UNIT,Hoàn thành xuất sắc nhiệm vụ năm 2024,Có thành tích xuất sắc trong công tác,,,2024-01-01 00:00:00,,,,,,ACTIVE,,,,,,2026-02-20 07:51:12.798,2026-02-20 07:51:12.798,,,,,,,,,,APPROVED
cmlulccrl007ft7g5m657u240,cmlul7wq30055t7xrlq8xebjx,REWARD,UNIT,Hoàn thành xuất sắc nhiệm vụ năm 2024,Có thành tích xuất sắc trong công tác,,,2024-01-01 00:00:00,,,,,,ACTIVE,,,,,,2026-02-20 07:51:12.801,2026-02-20 07:51:12.801,,,,,,,,,,APPROVED
cmlulccro007ht7g5ou1euzj9,cmlul7wq70059t7xrycmvtnha,REWARD,UNIT,Hoàn thành xuất sắc nhiệm vụ năm 2024,Có thành tích xuất sắc trong công tác,,,2024-01-01 00:00:00,,,,,,ACTIVE,,,,,,2026-02-20 07:51:12.804,2026-02-20 07:51:12.804,,,,,,,,,,APPROVED
cmlulccrr007jt7g5i4xu7vho,cmlul7wqa005dt7xrj16q59yo,REWARD,UNIT,Hoàn thành xuất sắc nhiệm vụ năm 2024,Có thành tích xuất sắc trong công tác,,,2024-01-01 00:00:00,,,,,,ACTIVE,,,,,,2026-02-20 07:51:12.808,2026-02-20 07:51:12.808,,,,,,,,,,APPROVED
cmlulccrv007lt7g5nydfy3bt,cmlul7wqd005ht7xrvsvg5pux,REWARD,UNIT,Hoàn thành xuất sắc nhiệm vụ năm 2024,Có thành tích xuất sắc trong công tác,,,2024-01-01 00:00:00,,,,,,ACTIVE,,,,,,2026-02-20 07:51:12.811,2026-02-20 07:51:12.811,,,,,,,,,,APPROVED
cmlulccry007nt7g5onszf7wm,cmlul7wqg005lt7xrmq7budmx,REWARD,UNIT,Hoàn thành xuất sắc nhiệm vụ năm 2024,Có thành tích xuất sắc trong công tác,,,2024-01-01 00:00:00,,,,,,ACTIVE,,,,,,2026-02-20 07:51:12.814,2026-02-20 07:51:12.814,,,,,,,,,,APPROVED
cmlulccs1007pt7g5yrtvzwtn,cmlul7wqj005pt7xrvn67qdi8,REWARD,UNIT,Hoàn thành xuất sắc nhiệm vụ năm 2024,Có thành tích xuất sắc trong công tác,,,2024-01-01 00:00:00,,,,,,ACTIVE,,,,,,2026-02-20 07:51:12.817,2026-02-20 07:51:12.817,,,,,,,,,,APPROVED
cmlulccs4007rt7g52dxss00m,cmlul7wqn005tt7xrql78ttl0,REWARD,UNIT,Hoàn thành xuất sắc nhiệm vụ năm 2024,Có thành tích xuất sắc trong công tác,,,2024-01-01 00:00:00,,,,,,ACTIVE,,,,,,2026-02-20 07:51:12.821,2026-02-20 07:51:12.821,,,,,,,,,,APPROVED
cmlulccs8007tt7g5n9lxk491,cmlul7wqq005xt7xr6hbnl78x,REWARD,UNIT,Hoàn thành xuất sắc nhiệm vụ năm 2024,Có thành tích xuất sắc trong công tác,,,2024-01-01 00:00:00,,,,,,ACTIVE,,,,,,2026-02-20 07:51:12.825,2026-02-20 07:51:12.825,,,,,,,,,,APPROVED
cmlulccsb007vt7g5t4lw4r9g,cmlul7wqu0061t7xrrypev4l5,REWARD,UNIT,Hoàn thành xuất sắc nhiệm vụ năm 2024,Có thành tích xuất sắc trong công tác,,,2024-01-01 00:00:00,,,,,,ACTIVE,,,,,,2026-02-20 07:51:12.828,2026-02-20 07:51:12.828,,,,,,,,,,APPROVED
cmlulccse007xt7g5p5fvuhsr,cmlul7wqx0065t7xrc9h0zhuc,REWARD,UNIT,Hoàn thành xuất sắc nhiệm vụ năm 2024,Có thành tích xuất sắc trong công tác,,,2024-01-01 00:00:00,,,,,,ACTIVE,,,,,,2026-02-20 07:51:12.831,2026-02-20 07:51:12.831,,,,,,,,,,APPROVED
cmlulccsh007zt7g5mp225143,cmlul7wr00069t7xryqhbz1fu,REWARD,UNIT,Hoàn thành xuất sắc nhiệm vụ năm 2024,Có thành tích xuất sắc trong công tác,,,2024-01-01 00:00:00,,,,,,ACTIVE,,,,,,2026-02-20 07:51:12.834,2026-02-20 07:51:12.834,,,,,,,,,,APPROVED
cmlulccsl0081t7g5agp30pyi,cmlul7wr3006dt7xr50g2t21i,REWARD,UNIT,Hoàn thành xuất sắc nhiệm vụ năm 2024,Có thành tích xuất sắc trong công tác,,,2024-01-01 00:00:00,,,,,,ACTIVE,,,,,,2026-02-20 07:51:12.837,2026-02-20 07:51:12.837,,,,,,,,,,APPROVED
cmlulccso0083t7g5wtrhl9jc,cmlul7wra006lt7xrw0pk62gy,REWARD,UNIT,Hoàn thành xuất sắc nhiệm vụ năm 2024,Có thành tích xuất sắc trong công tác,,,2024-01-01 00:00:00,,,,,,ACTIVE,,,,,,2026-02-20 07:51:12.84,2026-02-20 07:51:12.84,,,,,,,,,,APPROVED
cmlulccsr0085t7g55yeem7uj,cmlul7wre006pt7xrw8pzsval,REWARD,UNIT,Hoàn thành xuất sắc nhiệm vụ năm 2024,Có thành tích xuất sắc trong công tác,,,2024-01-01 00:00:00,,,,,,ACTIVE,,,,,,2026-02-20 07:51:12.843,2026-02-20 07:51:12.843,,,,,,,,,,APPROVED
cmlulccsu0087t7g5ehydy1h8,cmlul7wrh006tt7xrdj3e4hpd,REWARD,UNIT,Hoàn thành xuất sắc nhiệm vụ năm 2024,Có thành tích xuất sắc trong công tác,,,2024-01-01 00:00:00,,,,,,ACTIVE,,,,,,2026-02-20 07:51:12.846,2026-02-20 07:51:12.846,,,,,,,,,,APPROVED
cmlulccsx0089t7g5mhn3aud1,cmlul7wrk006xt7xr2k97m6ug,REWARD,UNIT,Hoàn thành xuất sắc nhiệm vụ năm 2024,Có thành tích xuất sắc trong công tác,,,2024-01-01 00:00:00,,,,,,ACTIVE,,,,,,2026-02-20 07:51:12.85,2026-02-20 07:51:12.85,,,,,,,,,,APPROVED
cmlulcct1008bt7g5labyj9w5,cmlul7wro0071t7xrjh6h0fqx,REWARD,UNIT,Hoàn thành xuất sắc nhiệm vụ năm 2024,Có thành tích xuất sắc trong công tác,,,2024-01-01 00:00:00,,,,,,ACTIVE,,,,,,2026-02-20 07:51:12.853,2026-02-20 07:51:12.853,,,,,,,,,,APPROVED
cmlulcct4008dt7g5r08v012r,cmlul7wrr0075t7xretukub0q,REWARD,UNIT,Hoàn thành xuất sắc nhiệm vụ năm 2024,Có thành tích xuất sắc trong công tác,,,2024-01-01 00:00:00,,,,,,ACTIVE,,,,,,2026-02-20 07:51:12.856,2026-02-20 07:51:12.856,,,,,,,,,,APPROVED
cmlulcct7008ft7g59l9m9js2,cmlul7wru0079t7xr38mmabxw,REWARD,UNIT,Hoàn thành xuất sắc nhiệm vụ năm 2024,Có thành tích xuất sắc trong công tác,,,2024-01-01 00:00:00,,,,,,ACTIVE,,,,,,2026-02-20 07:51:12.859,2026-02-20 07:51:12.859,,,,,,,,,,APPROVED
cmlulcct9008ht7g5tv3zixeq,cmlul7wry007dt7xr4x8muvdb,REWARD,UNIT,Hoàn thành xuất sắc nhiệm vụ năm 2024,Có thành tích xuất sắc trong công tác,,,2024-01-01 00:00:00,,,,,,ACTIVE,,,,,,2026-02-20 07:51:12.862,2026-02-20 07:51:12.862,,,,,,,,,,APPROVED
cmlulcctd008jt7g5m1b1ntuz,cmlul7ws1007ht7xr26o22rqs,REWARD,UNIT,Hoàn thành xuất sắc nhiệm vụ năm 2024,Có thành tích xuất sắc trong công tác,,,2024-01-01 00:00:00,,,,,,ACTIVE,,,,,,2026-02-20 07:51:12.866,2026-02-20 07:51:12.866,,,,,,,,,,APPROVED
cmlulcctg008lt7g5bwh6igpg,cmlul7ws4007lt7xrxnk1l5f9,REWARD,UNIT,Hoàn thành xuất sắc nhiệm vụ năm 2024,Có thành tích xuất sắc trong công tác,,,2024-01-01 00:00:00,,,,,,ACTIVE,,,,,,2026-02-20 07:51:12.869,2026-02-20 07:51:12.869,,,,,,,,,,APPROVED
cmlulcctj008nt7g57h1gk4gr,cmlul7wsb007tt7xrffy74amt,REWARD,UNIT,Hoàn thành xuất sắc nhiệm vụ năm 2024,Có thành tích xuất sắc trong công tác,,,2024-01-01 00:00:00,,,,,,ACTIVE,,,,,,2026-02-20 07:51:12.872,2026-02-20 07:51:12.872,,,,,,,,,,APPROVED
cmlulcctn008pt7g5snasb4jc,cmlul7wse007xt7xr3stgrq64,REWARD,UNIT,Hoàn thành xuất sắc nhiệm vụ năm 2024,Có thành tích xuất sắc trong công tác,,,2024-01-01 00:00:00,,,,,,ACTIVE,,,,,,2026-02-20 07:51:12.875,2026-02-20 07:51:12.875,,,,,,,,,,APPROVED
cmlulcctq008rt7g5u7vbel1d,cmlul7wsi0081t7xr798gyifd,REWARD,UNIT,Hoàn thành xuất sắc nhiệm vụ năm 2024,Có thành tích xuất sắc trong công tác,,,2024-01-01 00:00:00,,,,,,ACTIVE,,,,,,2026-02-20 07:51:12.878,2026-02-20 07:51:12.878,,,,,,,,,,APPROVED
cmlulcctt008tt7g5e4kp7ver,cmlul7wsl0085t7xrxor74rkw,REWARD,UNIT,Hoàn thành xuất sắc nhiệm vụ năm 2024,Có thành tích xuất sắc trong công tác,,,2024-01-01 00:00:00,,,,,,ACTIVE,,,,,,2026-02-20 07:51:12.881,2026-02-20 07:51:12.881,,,,,,,,,,APPROVED
cmlulcctw008vt7g5lf77icv4,cmlul7x2l00jpt7xrk098ksr0,REWARD,UNIT,Hoàn thành xuất sắc nhiệm vụ năm 2024,Có thành tích xuất sắc trong công tác,,,2024-01-01 00:00:00,,,,,,ACTIVE,,,,,,2026-02-20 07:51:12.885,2026-02-20 07:51:12.885,,,,,,,,,,APPROVED
cmlulccu0008xt7g54yfxxw3x,cmlul7x2o00jtt7xrek8bs2vz,REWARD,UNIT,Hoàn thành xuất sắc nhiệm vụ năm 2024,Có thành tích xuất sắc trong công tác,,,2024-01-01 00:00:00,,,,,,ACTIVE,,,,,,2026-02-20 07:51:12.888,2026-02-20 07:51:12.888,,,,,,,,,,APPROVED
cmlulccu3008zt7g5vg3kv35m,cmlul7x2r00jxt7xr129tyopy,REWARD,UNIT,Hoàn thành xuất sắc nhiệm vụ năm 2024,Có thành tích xuất sắc trong công tác,,,2024-01-01 00:00:00,,,,,,ACTIVE,,,,,,2026-02-20 07:51:12.891,2026-02-20 07:51:12.891,,,,,,,,,,APPROVED
cmlulccu60091t7g5lkjvzt28,cmlul7x2v00k1t7xr1z9tpn2t,REWARD,UNIT,Hoàn thành xuất sắc nhiệm vụ năm 2024,Có thành tích xuất sắc trong công tác,,,2024-01-01 00:00:00,,,,,,ACTIVE,,,,,,2026-02-20 07:51:12.895,2026-02-20 07:51:12.895,,,,,,,,,,APPROVED
cmlulccua0093t7g5c6omr5e6,cmlul7x2y00k5t7xr12ebqgi6,REWARD,UNIT,Hoàn thành xuất sắc nhiệm vụ năm 2024,Có thành tích xuất sắc trong công tác,,,2024-01-01 00:00:00,,,,,,ACTIVE,,,,,,2026-02-20 07:51:12.898,2026-02-20 07:51:12.898,,,,,,,,,,APPROVED
cmlulccud0095t7g5bes8y69n,cmlul7x3100k9t7xrqe5nl74b,REWARD,UNIT,Hoàn thành xuất sắc nhiệm vụ năm 2024,Có thành tích xuất sắc trong công tác,,,2024-01-01 00:00:00,,,,,,ACTIVE,,,,,,2026-02-20 07:51:12.901,2026-02-20 07:51:12.901,,,,,,,,,,APPROVED
cmlulccug0097t7g5j8j88bk2,cmlul7x3400kdt7xr6hve69fw,REWARD,UNIT,Hoàn thành xuất sắc nhiệm vụ năm 2024,Có thành tích xuất sắc trong công tác,,,2024-01-01 00:00:00,,,,,,ACTIVE,,,,,,2026-02-20 07:51:12.905,2026-02-20 07:51:12.905,,,,,,,,,,APPROVED
cmlulccuk0099t7g53r7hoflf,cmlul7x3b00klt7xr2238005m,REWARD,UNIT,Hoàn thành xuất sắc nhiệm vụ năm 2024,Có thành tích xuất sắc trong công tác,,,2024-01-01 00:00:00,,,,,,ACTIVE,,,,,,2026-02-20 07:51:12.909,2026-02-20 07:51:12.909,,,,,,,,,,APPROVED
cmlulccun009bt7g5hff3s2k8,cmlul7x3f00kpt7xr4vliexul,REWARD,UNIT,Hoàn thành xuất sắc nhiệm vụ năm 2024,Có thành tích xuất sắc trong công tác,,,2024-01-01 00:00:00,,,,,,ACTIVE,,,,,,2026-02-20 07:51:12.912,2026-02-20 07:51:12.912,,,,,,,,,,APPROVED
cmlulccuq009dt7g52ui809fm,cmlul7x3i00ktt7xrlsxwkg6j,REWARD,UNIT,Hoàn thành xuất sắc nhiệm vụ năm 2024,Có thành tích xuất sắc trong công tác,,,2024-01-01 00:00:00,,,,,,ACTIVE,,,,,,2026-02-20 07:51:12.915,2026-02-20 07:51:12.915,,,,,,,,,,APPROVED
cmlulccuu009ft7g5gxi99gk3,cmlul7x3m00kxt7xrzn5vrowf,REWARD,UNIT,Hoàn thành xuất sắc nhiệm vụ năm 2024,Có thành tích xuất sắc trong công tác,,,2024-01-01 00:00:00,,,,,,ACTIVE,,,,,,2026-02-20 07:51:12.918,2026-02-20 07:51:12.918,,,,,,,,,,APPROVED
cmlulccuy009ht7g5m5dtczb3,cmlul7x3p00l1t7xrsqrg84oc,REWARD,UNIT,Hoàn thành xuất sắc nhiệm vụ năm 2024,Có thành tích xuất sắc trong công tác,,,2024-01-01 00:00:00,,,,,,ACTIVE,,,,,,2026-02-20 07:51:12.922,2026-02-20 07:51:12.922,,,,,,,,,,APPROVED
cmlulccv1009jt7g51g0nk6jc,cmlul7x3t00l5t7xrb454iz9y,REWARD,UNIT,Hoàn thành xuất sắc nhiệm vụ năm 2024,Có thành tích xuất sắc trong công tác,,,2024-01-01 00:00:00,,,,,,ACTIVE,,,,,,2026-02-20 07:51:12.925,2026-02-20 07:51:12.925,,,,,,,,,,APPROVED
cmlulccv4009lt7g53lkghnkq,cmlul7x3w00l9t7xrm5p2okfn,REWARD,UNIT,Hoàn thành xuất sắc nhiệm vụ năm 2024,Có thành tích xuất sắc trong công tác,,,2024-01-01 00:00:00,,,,,,ACTIVE,,,,,,2026-02-20 07:51:12.928,2026-02-20 07:51:12.928,,,,,,,,,,APPROVED
cmlulccv7009nt7g5oqo1z9lo,cmlul7x4000ldt7xrea8bcetm,REWARD,UNIT,Hoàn thành xuất sắc nhiệm vụ năm 2024,Có thành tích xuất sắc trong công tác,,,2024-01-01 00:00:00,,,,,,ACTIVE,,,,,,2026-02-20 07:51:12.931,2026-02-20 07:51:12.931,,,,,,,,,,APPROVED
cmlulccva009pt7g5k64tynh2,cmlul7x4400lht7xrbzdya55v,REWARD,UNIT,Hoàn thành xuất sắc nhiệm vụ năm 2024,Có thành tích xuất sắc trong công tác,,,2024-01-01 00:00:00,,,,,,ACTIVE,,,,,,2026-02-20 07:51:12.934,2026-02-20 07:51:12.934,,,,,,,,,,APPROVED
cmlulccvd009rt7g5fvj40s8c,cmlul7x4700llt7xrq5ffeoca,REWARD,UNIT,Hoàn thành xuất sắc nhiệm vụ năm 2024,Có thành tích xuất sắc trong công tác,,,2024-01-01 00:00:00,,,,,,ACTIVE,,,,,,2026-02-20 07:51:12.938,2026-02-20 07:51:12.938,,,,,,,,,,APPROVED
cmlulccvg009tt7g5j5mmfghm,cmlul7x4a00lpt7xrpy4fitgp,REWARD,UNIT,Hoàn thành xuất sắc nhiệm vụ năm 2024,Có thành tích xuất sắc trong công tác,,,2024-01-01 00:00:00,,,,,,ACTIVE,,,,,,2026-02-20 07:51:12.941,2026-02-20 07:51:12.941,,,,,,,,,,APPROVED
cmlulccvk009vt7g5okc6zwvu,cmlul7x4e00ltt7xr11cqji7w,REWARD,UNIT,Hoàn thành xuất sắc nhiệm vụ năm 2024,Có thành tích xuất sắc trong công tác,,,2024-01-01 00:00:00,,,,,,ACTIVE,,,,,,2026-02-20 07:51:12.944,2026-02-20 07:51:12.944,,,,,,,,,,APPROVED
cmlulccvn009xt7g5cv08ni05,cmlul7x4l00m1t7xrysfjq23v,REWARD,UNIT,Hoàn thành xuất sắc nhiệm vụ năm 2024,Có thành tích xuất sắc trong công tác,,,2024-01-01 00:00:00,,,,,,ACTIVE,,,,,,2026-02-20 07:51:12.947,2026-02-20 07:51:12.947,,,,,,,,,,APPROVED
cmlulccvq009zt7g52j88amri,cmlul7x4o00m5t7xrbnly150a,REWARD,UNIT,Hoàn thành xuất sắc nhiệm vụ năm 2024,Có thành tích xuất sắc trong công tác,,,2024-01-01 00:00:00,,,,,,ACTIVE,,,,,,2026-02-20 07:51:12.95,2026-02-20 07:51:12.95,,,,,,,,,,APPROVED
cmlulccvt00a1t7g5j9pk9e5r,cmlul7x4s00m9t7xr7vzgaw26,REWARD,UNIT,Hoàn thành xuất sắc nhiệm vụ năm 2024,Có thành tích xuất sắc trong công tác,,,2024-01-01 00:00:00,,,,,,ACTIVE,,,,,,2026-02-20 07:51:12.954,2026-02-20 07:51:12.954,,,,,,,,,,APPROVED
cmlulccvx00a3t7g54yudmp8k,cmlul7x4y00mht7xr4yg34np1,REWARD,UNIT,Hoàn thành xuất sắc nhiệm vụ năm 2024,Có thành tích xuất sắc trong công tác,,,2024-01-01 00:00:00,,,,,,ACTIVE,,,,,,2026-02-20 07:51:12.957,2026-02-20 07:51:12.957,,,,,,,,,,APPROVED
cmlulccw000a5t7g5e8bky9pa,cmlul7x5200mlt7xr75sw5vko,REWARD,UNIT,Hoàn thành xuất sắc nhiệm vụ năm 2024,Có thành tích xuất sắc trong công tác,,,2024-01-01 00:00:00,,,,,,ACTIVE,,,,,,2026-02-20 07:51:12.96,2026-02-20 07:51:12.96,,,,,,,,,,APPROVED
cmlulccw400a7t7g5a276n56z,cmlul7x5500mpt7xrcoq6njqi,REWARD,UNIT,Hoàn thành xuất sắc nhiệm vụ năm 2024,Có thành tích xuất sắc trong công tác,,,2024-01-01 00:00:00,,,,,,ACTIVE,,,,,,2026-02-20 07:51:12.964,2026-02-20 07:51:12.964,,,,,,,,,,APPROVED
cmlulccw700a9t7g5xwecc9p9,cmlul7x5900mtt7xr3net7haa,REWARD,UNIT,Hoàn thành xuất sắc nhiệm vụ năm 2024,Có thành tích xuất sắc trong công tác,,,2024-01-01 00:00:00,,,,,,ACTIVE,,,,,,2026-02-20 07:51:12.968,2026-02-20 07:51:12.968,,,,,,,,,,APPROVED
cmlulccwb00abt7g5wmht2l3c,cmlul7x5c00mxt7xrhfuzxb6p,REWARD,UNIT,Hoàn thành xuất sắc nhiệm vụ năm 2024,Có thành tích xuất sắc trong công tác,,,2024-01-01 00:00:00,,,,,,ACTIVE,,,,,,2026-02-20 07:51:12.971,2026-02-20 07:51:12.971,,,,,,,,,,APPROVED
cmlulccwe00adt7g5sqxc1gpl,cmlul7x5g00n1t7xrfrd19lwf,REWARD,UNIT,Hoàn thành xuất sắc nhiệm vụ năm 2024,Có thành tích xuất sắc trong công tác,,,2024-01-01 00:00:00,,,,,,ACTIVE,,,,,,2026-02-20 07:51:12.974,2026-02-20 07:51:12.974,,,,,,,,,,APPROVED
cmlulccwh00aft7g5qqd45hdp,cmlul7x5j00n5t7xrd5zhqun7,REWARD,UNIT,Hoàn thành xuất sắc nhiệm vụ năm 2024,Có thành tích xuất sắc trong công tác,,,2024-01-01 00:00:00,,,,,,ACTIVE,,,,,,2026-02-20 07:51:12.978,2026-02-20 07:51:12.978,,,,,,,,,,APPROVED
cmlulccwk00aht7g5hnrukyc7,cmlul7x5q00ndt7xrk1sbn6f3,REWARD,UNIT,Hoàn thành xuất sắc nhiệm vụ năm 2024,Có thành tích xuất sắc trong công tác,,,2024-01-01 00:00:00,,,,,,ACTIVE,,,,,,2026-02-20 07:51:12.981,2026-02-20 07:51:12.981,,,,,,,,,,APPROVED
cmlulccwn00ajt7g5xtmdu9uj,cmlul7x5t00nht7xr2olm87fh,REWARD,UNIT,Hoàn thành xuất sắc nhiệm vụ năm 2024,Có thành tích xuất sắc trong công tác,,,2024-01-01 00:00:00,,,,,,ACTIVE,,,,,,2026-02-20 07:51:12.984,2026-02-20 07:51:12.984,,,,,,,,,,APPROVED
cmlulccwr00alt7g5mwdle1gc,cmlul7x5x00nlt7xr9jt4vnui,REWARD,UNIT,Hoàn thành xuất sắc nhiệm vụ năm 2024,Có thành tích xuất sắc trong công tác,,,2024-01-01 00:00:00,,,,,,ACTIVE,,,,,,2026-02-20 07:51:12.987,2026-02-20 07:51:12.987,,,,,,,,,,APPROVED
cmlulccwu00ant7g51mg8cxjw,cmlul7x6000npt7xr632yv300,REWARD,UNIT,Hoàn thành xuất sắc nhiệm vụ năm 2024,Có thành tích xuất sắc trong công tác,,,2024-01-01 00:00:00,,,,,,ACTIVE,,,,,,2026-02-20 07:51:12.99,2026-02-20 07:51:12.99,,,,,,,,,,APPROVED
cmlulccwx00apt7g5nb22priy,cmlul7x6300ntt7xrnryh43gy,REWARD,UNIT,Hoàn thành xuất sắc nhiệm vụ năm 2024,Có thành tích xuất sắc trong công tác,,,2024-01-01 00:00:00,,,,,,ACTIVE,,,,,,2026-02-20 07:51:12.993,2026-02-20 07:51:12.993,,,,,,,,,,APPROVED
cmlulccx000art7g5f6k0qpjx,cmlul7x6700nxt7xr7r1w4iy0,REWARD,UNIT,Hoàn thành xuất sắc nhiệm vụ năm 2024,Có thành tích xuất sắc trong công tác,,,2024-01-01 00:00:00,,,,,,ACTIVE,,,,,,2026-02-20 07:51:12.997,2026-02-20 07:51:12.997,,,,,,,,,,APPROVED
cmlulccx300att7g5b89r7spj,cmlul7x6a00o1t7xrc7le4g1p,REWARD,UNIT,Hoàn thành xuất sắc nhiệm vụ năm 2024,Có thành tích xuất sắc trong công tác,,,2024-01-01 00:00:00,,,,,,ACTIVE,,,,,,2026-02-20 07:51:12.999,2026-02-20 07:51:12.999,,,,,,,,,,APPROVED
cmlulccx600avt7g52bpejvea,cmlul7x6d00o5t7xrmsror3vk,REWARD,UNIT,Hoàn thành xuất sắc nhiệm vụ năm 2024,Có thành tích xuất sắc trong công tác,,,2024-01-01 00:00:00,,,,,,ACTIVE,,,,,,2026-02-20 07:51:13.003,2026-02-20 07:51:13.003,,,,,,,,,,APPROVED
cmlulccx900axt7g5b8uxmfw5,cmlul7x6h00o9t7xrhjon7jkz,REWARD,UNIT,Hoàn thành xuất sắc nhiệm vụ năm 2024,Có thành tích xuất sắc trong công tác,,,2024-01-01 00:00:00,,,,,,ACTIVE,,,,,,2026-02-20 07:51:13.006,2026-02-20 07:51:13.006,,,,,,,,,,APPROVED
cmlulccxd00azt7g5um01ph2m,cmlul7x6l00odt7xr69f92ylb,REWARD,UNIT,Hoàn thành xuất sắc nhiệm vụ năm 2024,Có thành tích xuất sắc trong công tác,,,2024-01-01 00:00:00,,,,,,ACTIVE,,,,,,2026-02-20 07:51:13.01,2026-02-20 07:51:13.01,,,,,,,,,,APPROVED
cmlulccxg00b1t7g5vpc9cmgv,cmlul7x6o00oht7xrwrs8zovd,REWARD,UNIT,Hoàn thành xuất sắc nhiệm vụ năm 2024,Có thành tích xuất sắc trong công tác,,,2024-01-01 00:00:00,,,,,,ACTIVE,,,,,,2026-02-20 07:51:13.013,2026-02-20 07:51:13.013,,,,,,,,,,APPROVED
cmlulccxj00b3t7g5y550971p,cmlul7x6r00olt7xrqpxxosjm,REWARD,UNIT,Hoàn thành xuất sắc nhiệm vụ năm 2024,Có thành tích xuất sắc trong công tác,,,2024-01-01 00:00:00,,,,,,ACTIVE,,,,,,2026-02-20 07:51:13.016,2026-02-20 07:51:13.016,,,,,,,,,,APPROVED
cmlulccxm00b5t7g5y6tesnx2,cmlul7x6y00ott7xr4f3xb1ih,REWARD,UNIT,Hoàn thành xuất sắc nhiệm vụ năm 2024,Có thành tích xuất sắc trong công tác,,,2024-01-01 00:00:00,,,,,,ACTIVE,,,,,,2026-02-20 07:51:13.019,2026-02-20 07:51:13.019,,,,,,,,,,APPROVED
cmlulccxq00b7t7g5wux8p1eu,cmlul7x7200oxt7xrp6r7g0p7,REWARD,UNIT,Hoàn thành xuất sắc nhiệm vụ năm 2024,Có thành tích xuất sắc trong công tác,,,2024-01-01 00:00:00,,,,,,ACTIVE,,,,,,2026-02-20 07:51:13.022,2026-02-20 07:51:13.022,,,,,,,,,,APPROVED
cmlulccxt00b9t7g5l735iea8,cmlul7x7500p1t7xrdx9o2d27,REWARD,UNIT,Hoàn thành xuất sắc nhiệm vụ năm 2024,Có thành tích xuất sắc trong công tác,,,2024-01-01 00:00:00,,,,,,ACTIVE,,,,,,2026-02-20 07:51:13.025,2026-02-20 07:51:13.025,,,,,,,,,,APPROVED
cmlulccxw00bbt7g5xm388saf,cmlul7x7c00p9t7xri90inipg,REWARD,UNIT,Hoàn thành xuất sắc nhiệm vụ năm 2024,Có thành tích xuất sắc trong công tác,,,2024-01-01 00:00:00,,,,,,ACTIVE,,,,,,2026-02-20 07:51:13.028,2026-02-20 07:51:13.028,,,,,,,,,,APPROVED
cmlulccy000bdt7g5n5kbqupr,cmlul7x7f00pdt7xr6xt9fjii,REWARD,UNIT,Hoàn thành xuất sắc nhiệm vụ năm 2024,Có thành tích xuất sắc trong công tác,,,2024-01-01 00:00:00,,,,,,ACTIVE,,,,,,2026-02-20 07:51:13.032,2026-02-20 07:51:13.032,,,,,,,,,,APPROVED
cmlulccy200bft7g5p4x6lk6g,cmlul7x7i00pht7xr6jn79xeg,REWARD,UNIT,Hoàn thành xuất sắc nhiệm vụ năm 2024,Có thành tích xuất sắc trong công tác,,,2024-01-01 00:00:00,,,,,,ACTIVE,,,,,,2026-02-20 07:51:13.035,2026-02-20 07:51:13.035,,,,,,,,,,APPROVED
cmlulccy500bht7g5yg0naa28,cmlul7x7m00plt7xrqzsevp9m,REWARD,UNIT,Hoàn thành xuất sắc nhiệm vụ năm 2024,Có thành tích xuất sắc trong công tác,,,2024-01-01 00:00:00,,,,,,ACTIVE,,,,,,2026-02-20 07:51:13.038,2026-02-20 07:51:13.038,,,,,,,,,,APPROVED
cmlulccy800bjt7g5ulhuhtfy,cmlul7x7p00ppt7xryc4o6j7p,REWARD,UNIT,Hoàn thành xuất sắc nhiệm vụ năm 2024,Có thành tích xuất sắc trong công tác,,,2024-01-01 00:00:00,,,,,,ACTIVE,,,,,,2026-02-20 07:51:13.041,2026-02-20 07:51:13.041,,,,,,,,,,APPROVED
cmlulccyb00blt7g58d89m7p0,cmlul7x7s00ptt7xrobwq26a2,REWARD,UNIT,Hoàn thành xuất sắc nhiệm vụ năm 2024,Có thành tích xuất sắc trong công tác,,,2024-01-01 00:00:00,,,,,,ACTIVE,,,,,,2026-02-20 07:51:13.044,2026-02-20 07:51:13.044,,,,,,,,,,APPROVED
cmlulccye00bnt7g5ij9270na,cmlul7x7z00q1t7xrin1clerb,REWARD,UNIT,Hoàn thành xuất sắc nhiệm vụ năm 2024,Có thành tích xuất sắc trong công tác,,,2024-01-01 00:00:00,,,,,,ACTIVE,,,,,,2026-02-20 07:51:13.047,2026-02-20 07:51:13.047,,,,,,,,,,APPROVED
cmlulccyh00bpt7g5fj7rx8j0,cmlul7x8200q5t7xrkcvzto4e,REWARD,UNIT,Hoàn thành xuất sắc nhiệm vụ năm 2024,Có thành tích xuất sắc trong công tác,,,2024-01-01 00:00:00,,,,,,ACTIVE,,,,,,2026-02-20 07:51:13.05,2026-02-20 07:51:13.05,,,,,,,,,,APPROVED
cmlulccyl00brt7g52bf77l45,cmlul7x8600q9t7xrua76adqo,REWARD,UNIT,Hoàn thành xuất sắc nhiệm vụ năm 2024,Có thành tích xuất sắc trong công tác,,,2024-01-01 00:00:00,,,,,,ACTIVE,,,,,,2026-02-20 07:51:13.053,2026-02-20 07:51:13.053,,,,,,,,,,APPROVED
cmlulccyo00btt7g5ie8phm07,cmlul7x8900qdt7xr248grp26,REWARD,UNIT,Hoàn thành xuất sắc nhiệm vụ năm 2024,Có thành tích xuất sắc trong công tác,,,2024-01-01 00:00:00,,,,,,ACTIVE,,,,,,2026-02-20 07:51:13.056,2026-02-20 07:51:13.056,,,,,,,,,,APPROVED
cmlulccyr00bvt7g5qbzotrq7,cmlul7x8c00qht7xruxsves47,REWARD,UNIT,Hoàn thành xuất sắc nhiệm vụ năm 2024,Có thành tích xuất sắc trong công tác,,,2024-01-01 00:00:00,,,,,,ACTIVE,,,,,,2026-02-20 07:51:13.06,2026-02-20 07:51:13.06,,,,,,,,,,APPROVED
cmlulccyv00bxt7g5craxu90n,cmlul7x8g00qlt7xre589b9ax,REWARD,UNIT,Hoàn thành xuất sắc nhiệm vụ năm 2024,Có thành tích xuất sắc trong công tác,,,2024-01-01 00:00:00,,,,,,ACTIVE,,,,,,2026-02-20 07:51:13.064,2026-02-20 07:51:13.064,,,,,,,,,,APPROVED
cmlulccyz00bzt7g5osju3pdy,cmlul7x8j00qpt7xrit6l63p9,REWARD,UNIT,Hoàn thành xuất sắc nhiệm vụ năm 2024,Có thành tích xuất sắc trong công tác,,,2024-01-01 00:00:00,,,,,,ACTIVE,,,,,,2026-02-20 07:51:13.067,2026-02-20 07:51:13.067,,,,,,,,,,APPROVED
cmlulccz200c1t7g5yfcan3fg,cmlul7x8n00qtt7xrdaj1elnj,REWARD,UNIT,Hoàn thành xuất sắc nhiệm vụ năm 2024,Có thành tích xuất sắc trong công tác,,,2024-01-01 00:00:00,,,,,,ACTIVE,,,,,,2026-02-20 07:51:13.07,2026-02-20 07:51:13.07,,,,,,,,,,APPROVED
cmlulccz500c3t7g5adxj9fry,cmlul7x8q00qxt7xrx0qtkao4,REWARD,UNIT,Hoàn thành xuất sắc nhiệm vụ năm 2024,Có thành tích xuất sắc trong công tác,,,2024-01-01 00:00:00,,,,,,ACTIVE,,,,,,2026-02-20 07:51:13.073,2026-02-20 07:51:13.073,,,,,,,,,,APPROVED
cmlulccz700c5t7g5k1xm7mrr,cmlul7x8t00r1t7xrb6uzg1r8,REWARD,UNIT,Hoàn thành xuất sắc nhiệm vụ năm 2024,Có thành tích xuất sắc trong công tác,,,2024-01-01 00:00:00,,,,,,ACTIVE,,,,,,2026-02-20 07:51:13.076,2026-02-20 07:51:13.076,,,,,,,,,,APPROVED
cmlulcczb00c7t7g5mn42xbo2,cmlul7x8x00r5t7xrnx74sgo7,REWARD,UNIT,Hoàn thành xuất sắc nhiệm vụ năm 2024,Có thành tích xuất sắc trong công tác,,,2024-01-01 00:00:00,,,,,,ACTIVE,,,,,,2026-02-20 07:51:13.079,2026-02-20 07:51:13.079,,,,,,,,,,APPROVED
cmlulccze00c9t7g5rqd48y1g,cmlul7x9000r9t7xr1wu4hrgw,REWARD,UNIT,Hoàn thành xuất sắc nhiệm vụ năm 2024,Có thành tích xuất sắc trong công tác,,,2024-01-01 00:00:00,,,,,,ACTIVE,,,,,,2026-02-20 07:51:13.082,2026-02-20 07:51:13.082,,,,,,,,,,APPROVED
cmlulcczh00cbt7g5925448qa,cmlul7x9700rht7xrd0y3pcyb,REWARD,UNIT,Hoàn thành xuất sắc nhiệm vụ năm 2024,Có thành tích xuất sắc trong công tác,,,2024-01-01 00:00:00,,,,,,ACTIVE,,,,,,2026-02-20 07:51:13.086,2026-02-20 07:51:13.086,,,,,,,,,,APPROVED
cmlulcczk00cdt7g5zjrkrkzm,cmlul7x9a00rlt7xr4bhcxf9t,REWARD,UNIT,Hoàn thành xuất sắc nhiệm vụ năm 2024,Có thành tích xuất sắc trong công tác,,,2024-01-01 00:00:00,,,,,,ACTIVE,,,,,,2026-02-20 07:51:13.089,2026-02-20 07:51:13.089,,,,,,,,,,APPROVED
cmlulcczo00cft7g5jvmrm7tj,cmlul7x9e00rpt7xrrgbhvl5j,REWARD,UNIT,Hoàn thành xuất sắc nhiệm vụ năm 2024,Có thành tích xuất sắc trong công tác,,,2024-01-01 00:00:00,,,,,,ACTIVE,,,,,,2026-02-20 07:51:13.092,2026-02-20 07:51:13.092,,,,,,,,,,APPROVED
cmlulcczr00cht7g58u57cwwn,cmlul7x9h00rtt7xrflhn1ukp,REWARD,UNIT,Hoàn thành xuất sắc nhiệm vụ năm 2024,Có thành tích xuất sắc trong công tác,,,2024-01-01 00:00:00,,,,,,ACTIVE,,,,,,2026-02-20 07:51:13.095,2026-02-20 07:51:13.095,,,,,,,,,,APPROVED
cmlulcczu00cjt7g5qo63csxj,cmlul7x9k00rxt7xrfouwbgiw,REWARD,UNIT,Hoàn thành xuất sắc nhiệm vụ năm 2024,Có thành tích xuất sắc trong công tác,,,2024-01-01 00:00:00,,,,,,ACTIVE,,,,,,2026-02-20 07:51:13.098,2026-02-20 07:51:13.098,,,,,,,,,,APPROVED
cmlulcczx00clt7g5o81581d6,cmlul7x9r00s5t7xr9y6rfj2u,REWARD,UNIT,Hoàn thành xuất sắc nhiệm vụ năm 2024,Có thành tích xuất sắc trong công tác,,,2024-01-01 00:00:00,,,,,,ACTIVE,,,,,,2026-02-20 07:51:13.102,2026-02-20 07:51:13.102,,,,,,,,,,APPROVED
cmlulcd0100cnt7g5i6kobp9z,cmlul7x9u00s9t7xre2mck88k,REWARD,UNIT,Hoàn thành xuất sắc nhiệm vụ năm 2024,Có thành tích xuất sắc trong công tác,,,2024-01-01 00:00:00,,,,,,ACTIVE,,,,,,2026-02-20 07:51:13.106,2026-02-20 07:51:13.106,,,,,,,,,,APPROVED
cmlulcd0400cpt7g5wlolo75h,cmlul7x9x00sdt7xrxtfkwm1l,REWARD,UNIT,Hoàn thành xuất sắc nhiệm vụ năm 2024,Có thành tích xuất sắc trong công tác,,,2024-01-01 00:00:00,,,,,,ACTIVE,,,,,,2026-02-20 07:51:13.108,2026-02-20 07:51:13.108,,,,,,,,,,APPROVED
cmlulcd0700crt7g57u51z9l9,cmlul7xa000sht7xrrpu27xmd,REWARD,UNIT,Hoàn thành xuất sắc nhiệm vụ năm 2024,Có thành tích xuất sắc trong công tác,,,2024-01-01 00:00:00,,,,,,ACTIVE,,,,,,2026-02-20 07:51:13.111,2026-02-20 07:51:13.111,,,,,,,,,,APPROVED
cmlulcd0a00ctt7g5fkzytz4l,cmlul7xa400slt7xry4u8xlzt,REWARD,UNIT,Hoàn thành xuất sắc nhiệm vụ năm 2024,Có thành tích xuất sắc trong công tác,,,2024-01-01 00:00:00,,,,,,ACTIVE,,,,,,2026-02-20 07:51:13.114,2026-02-20 07:51:13.114,,,,,,,,,,APPROVED
cmlulcd0d00cvt7g5dgi40edi,cmlul7xa700spt7xr3an7fw4e,REWARD,UNIT,Hoàn thành xuất sắc nhiệm vụ năm 2024,Có thành tích xuất sắc trong công tác,,,2024-01-01 00:00:00,,,,,,ACTIVE,,,,,,2026-02-20 07:51:13.117,2026-02-20 07:51:13.117,,,,,,,,,,APPROVED
cmlulcd0g00cxt7g5taiowjas,cmlul7xab00stt7xr6l0eyj6q,REWARD,UNIT,Hoàn thành xuất sắc nhiệm vụ năm 2024,Có thành tích xuất sắc trong công tác,,,2024-01-01 00:00:00,,,,,,ACTIVE,,,,,,2026-02-20 07:51:13.12,2026-02-20 07:51:13.12,,,,,,,,,,APPROVED
cmlulcd0j00czt7g5uroytn8y,cmlul7xae00sxt7xrk6jx0pu0,REWARD,UNIT,Hoàn thành xuất sắc nhiệm vụ năm 2024,Có thành tích xuất sắc trong công tác,,,2024-01-01 00:00:00,,,,,,ACTIVE,,,,,,2026-02-20 07:51:13.124,2026-02-20 07:51:13.124,,,,,,,,,,APPROVED
cmlulcd0m00d1t7g5k4tr6oaq,cmlul7xah00t1t7xrq02f8ck7,REWARD,UNIT,Hoàn thành xuất sắc nhiệm vụ năm 2024,Có thành tích xuất sắc trong công tác,,,2024-01-01 00:00:00,,,,,,ACTIVE,,,,,,2026-02-20 07:51:13.127,2026-02-20 07:51:13.127,,,,,,,,,,APPROVED
cmlulcd0p00d3t7g5x6s741za,cmlul7xao00t9t7xrxhe632t4,REWARD,UNIT,Hoàn thành xuất sắc nhiệm vụ năm 2024,Có thành tích xuất sắc trong công tác,,,2024-01-01 00:00:00,,,,,,ACTIVE,,,,,,2026-02-20 07:51:13.13,2026-02-20 07:51:13.13,,,,,,,,,,APPROVED
cmlulcd0t00d5t7g5d6sfl4ka,cmlul7xar00tdt7xrenuqee0e,REWARD,UNIT,Hoàn thành xuất sắc nhiệm vụ năm 2024,Có thành tích xuất sắc trong công tác,,,2024-01-01 00:00:00,,,,,,ACTIVE,,,,,,2026-02-20 07:51:13.133,2026-02-20 07:51:13.133,,,,,,,,,,APPROVED
cmlulcd0w00d7t7g5ect3bm8j,cmlul7xav00tht7xr1iyuf8mx,REWARD,UNIT,Hoàn thành xuất sắc nhiệm vụ năm 2024,Có thành tích xuất sắc trong công tác,,,2024-01-01 00:00:00,,,,,,ACTIVE,,,,,,2026-02-20 07:51:13.136,2026-02-20 07:51:13.136,,,,,,,,,,APPROVED
cmlulcd0z00d9t7g5wq2d9n8c,cmlul7xay00tlt7xrxdq9217f,REWARD,UNIT,Hoàn thành xuất sắc nhiệm vụ năm 2024,Có thành tích xuất sắc trong công tác,,,2024-01-01 00:00:00,,,,,,ACTIVE,,,,,,2026-02-20 07:51:13.139,2026-02-20 07:51:13.139,,,,,,,,,,APPROVED
cmlulcd1200dbt7g5qna7vbjx,cmlul7xb100tpt7xrrc9doj5q,REWARD,UNIT,Hoàn thành xuất sắc nhiệm vụ năm 2024,Có thành tích xuất sắc trong công tác,,,2024-01-01 00:00:00,,,,,,ACTIVE,,,,,,2026-02-20 07:51:13.142,2026-02-20 07:51:13.142,,,,,,,,,,APPROVED
cmlulcd1500ddt7g5t69zlw3m,cmlul7xb400ttt7xrx5g54pw5,REWARD,UNIT,Hoàn thành xuất sắc nhiệm vụ năm 2024,Có thành tích xuất sắc trong công tác,,,2024-01-01 00:00:00,,,,,,ACTIVE,,,,,,2026-02-20 07:51:13.146,2026-02-20 07:51:13.146,,,,,,,,,,APPROVED
cmlulcd1900dft7g5m21iyq5y,cmlul7xb800txt7xr8h99rkuh,REWARD,UNIT,Hoàn thành xuất sắc nhiệm vụ năm 2024,Có thành tích xuất sắc trong công tác,,,2024-01-01 00:00:00,,,,,,ACTIVE,,,,,,2026-02-20 07:51:13.149,2026-02-20 07:51:13.149,,,,,,,,,,APPROVED
cmlulcd1b00dht7g5ho752uf8,cmlul7xbb00u1t7xrsg6rblsr,REWARD,UNIT,Hoàn thành xuất sắc nhiệm vụ năm 2024,Có thành tích xuất sắc trong công tác,,,2024-01-01 00:00:00,,,,,,ACTIVE,,,,,,2026-02-20 07:51:13.152,2026-02-20 07:51:13.152,,,,,,,,,,APPROVED
cmlulcd1f00djt7g5ly0a8o7s,cmlul7xbe00u5t7xrrqggy0hw,REWARD,UNIT,Hoàn thành xuất sắc nhiệm vụ năm 2024,Có thành tích xuất sắc trong công tác,,,2024-01-01 00:00:00,,,,,,ACTIVE,,,,,,2026-02-20 07:51:13.155,2026-02-20 07:51:13.155,,,,,,,,,,APPROVED
cmlulcd1i00dlt7g5nin7e6je,cmlul7xbh00u9t7xr330jf5qu,REWARD,UNIT,Hoàn thành xuất sắc nhiệm vụ năm 2024,Có thành tích xuất sắc trong công tác,,,2024-01-01 00:00:00,,,,,,ACTIVE,,,,,,2026-02-20 07:51:13.158,2026-02-20 07:51:13.158,,,,,,,,,,APPROVED
cmlulcd1m00dnt7g598liia1y,cmlul7xbl00udt7xrq80bno14,REWARD,UNIT,Hoàn thành xuất sắc nhiệm vụ năm 2024,Có thành tích xuất sắc trong công tác,,,2024-01-01 00:00:00,,,,,,ACTIVE,,,,,,2026-02-20 07:51:13.162,2026-02-20 07:51:13.162,,,,,,,,,,APPROVED
cmlulcd1p00dpt7g5f3iafvmb,cmlul7xbr00ult7xrb0b3kkcl,REWARD,UNIT,Hoàn thành xuất sắc nhiệm vụ năm 2024,Có thành tích xuất sắc trong công tác,,,2024-01-01 00:00:00,,,,,,ACTIVE,,,,,,2026-02-20 07:51:13.165,2026-02-20 07:51:13.165,,,,,,,,,,APPROVED
cmlulcd1s00drt7g5lwtuz2ze,cmlul7xbv00upt7xrydeety64,REWARD,UNIT,Hoàn thành xuất sắc nhiệm vụ năm 2024,Có thành tích xuất sắc trong công tác,,,2024-01-01 00:00:00,,,,,,ACTIVE,,,,,,2026-02-20 07:51:13.168,2026-02-20 07:51:13.168,,,,,,,,,,APPROVED
cmlulcd1v00dtt7g58xxdho0o,cmlul7xby00utt7xrwdm90ghj,REWARD,UNIT,Hoàn thành xuất sắc nhiệm vụ năm 2024,Có thành tích xuất sắc trong công tác,,,2024-01-01 00:00:00,,,,,,ACTIVE,,,,,,2026-02-20 07:51:13.171,2026-02-20 07:51:13.171,,,,,,,,,,APPROVED
cmlulcd1z00dvt7g5ro0l66ko,cmlul7wso0089t7xrqu8j6zik,REWARD,UNIT,Hoàn thành xuất sắc nhiệm vụ năm 2024,Có thành tích xuất sắc trong công tác,,,2024-01-01 00:00:00,,,,,,ACTIVE,,,,,,2026-02-20 07:51:13.175,2026-02-20 07:51:13.175,,,,,,,,,,APPROVED
cmlulcd2300dxt7g5c76bzyyl,cmlul7wt8008xt7xr8pywgslr,REWARD,UNIT,Hoàn thành xuất sắc nhiệm vụ năm 2024,Có thành tích xuất sắc trong công tác,,,2024-01-01 00:00:00,,,,,,ACTIVE,,,,,,2026-02-20 07:51:13.179,2026-02-20 07:51:13.179,,,,,,,,,,APPROVED
cmlulcd2600dzt7g53ljmm6q4,cmlul7wue00a9t7xreb4dszvm,REWARD,UNIT,Hoàn thành xuất sắc nhiệm vụ năm 2024,Có thành tích xuất sắc trong công tác,,,2024-01-01 00:00:00,,,,,,ACTIVE,,,,,,2026-02-20 07:51:13.183,2026-02-20 07:51:13.183,,,,,,,,,,APPROVED
cmlulcd2a00e1t7g5tw39i6hv,cmlul7wv500b5t7xrr2gwz3qc,REWARD,UNIT,Hoàn thành xuất sắc nhiệm vụ năm 2024,Có thành tích xuất sắc trong công tác,,,2024-01-01 00:00:00,,,,,,ACTIVE,,,,,,2026-02-20 07:51:13.186,2026-02-20 07:51:13.186,,,,,,,,,,APPROVED
cmlulcd2d00e3t7g5wexin88e,cmlul7wvf00bht7xrrag3j4go,REWARD,UNIT,Hoàn thành xuất sắc nhiệm vụ năm 2024,Có thành tích xuất sắc trong công tác,,,2024-01-01 00:00:00,,,,,,ACTIVE,,,,,,2026-02-20 07:51:13.189,2026-02-20 07:51:13.189,,,,,,,,,,APPROVED
cmlulcd2f00e5t7g5gb07gqj7,cmlul7wwo00cxt7xrutz4lvpo,REWARD,UNIT,Hoàn thành xuất sắc nhiệm vụ năm 2024,Có thành tích xuất sắc trong công tác,,,2024-01-01 00:00:00,,,,,,ACTIVE,,,,,,2026-02-20 07:51:13.192,2026-02-20 07:51:13.192,,,,,,,,,,APPROVED
cmlulcd2i00e7t7g515cvci9j,cmlul7wxn00e1t7xro0xof7bs,REWARD,UNIT,Hoàn thành xuất sắc nhiệm vụ năm 2024,Có thành tích xuất sắc trong công tác,,,2024-01-01 00:00:00,,,,,,ACTIVE,,,,,,2026-02-20 07:51:13.195,2026-02-20 07:51:13.195,,,,,,,,,,APPROVED
cmlulcd2m00e9t7g5sj7ks55e,cmlul7wy000eht7xrck7pa6ub,REWARD,UNIT,Hoàn thành xuất sắc nhiệm vụ năm 2024,Có thành tích xuất sắc trong công tác,,,2024-01-01 00:00:00,,,,,,ACTIVE,,,,,,2026-02-20 07:51:13.198,2026-02-20 07:51:13.198,,,,,,,,,,APPROVED
cmlulcd2p00ebt7g57jvswb4q,cmlul7wza00fxt7xrkta2ewkn,REWARD,UNIT,Hoàn thành xuất sắc nhiệm vụ năm 2024,Có thành tích xuất sắc trong công tác,,,2024-01-01 00:00:00,,,,,,ACTIVE,,,,,,2026-02-20 07:51:13.202,2026-02-20 07:51:13.202,,,,,,,,,,APPROVED
cmlulcd2x00edt7g5jm2z1z4y,cmlul7x0g00h9t7xrlvc4dsrw,REWARD,UNIT,Hoàn thành xuất sắc nhiệm vụ năm 2024,Có thành tích xuất sắc trong công tác,,,2024-01-01 00:00:00,,,,,,ACTIVE,,,,,,2026-02-20 07:51:13.21,2026-02-20 07:51:13.21,,,,,,,,,,APPROVED
cmlulcd3100eft7g5a3dv4m89,cmlul7x0q00hlt7xrbq6sj26c,REWARD,UNIT,Hoàn thành xuất sắc nhiệm vụ năm 2024,Có thành tích xuất sắc trong công tác,,,2024-01-01 00:00:00,,,,,,ACTIVE,,,,,,2026-02-20 07:51:13.213,2026-02-20 07:51:13.213,,,,,,,,,,APPROVED
cmlulcd3500eht7g5f5335wqf,cmlul7x1v00ixt7xr4nskupbs,REWARD,UNIT,Hoàn thành xuất sắc nhiệm vụ năm 2024,Có thành tích xuất sắc trong công tác,,,2024-01-01 00:00:00,,,,,,ACTIVE,,,,,,2026-02-20 07:51:13.217,2026-02-20 07:51:13.217,,,,,,,,,,APPROVED
cmlulcd3b00ejt7g52qamg6wp,cmlul7wlj0001t7xrvkddwvdo,REWARD,UNIT,Hoàn thành xuất sắc nhiệm vụ năm 2024,Có thành tích xuất sắc trong công tác,,,2024-01-01 00:00:00,,,,,,ACTIVE,,,,,,2026-02-20 07:51:13.223,2026-02-20 07:51:13.223,,,,,,,,,,APPROVED
cmlulcd3e00elt7g5j0uy825e,cmlul7wml0011t7xrod8s6k8f,REWARD,UNIT,Hoàn thành xuất sắc nhiệm vụ năm 2024,Có thành tích xuất sắc trong công tác,,,2024-01-01 00:00:00,,,,,,ACTIVE,,,,,,2026-02-20 07:51:13.227,2026-02-20 07:51:13.227,,,,,,,,,,APPROVED
cmlulcd3i00ent7g55zc55fz9,cmlul7wnn0029t7xr1tbr1pmo,REWARD,UNIT,Hoàn thành xuất sắc nhiệm vụ năm 2024,Có thành tích xuất sắc trong công tác,,,2024-01-01 00:00:00,,,,,,ACTIVE,,,,,,2026-02-20 07:51:13.231,2026-02-20 07:51:13.231,,,,,,,,,,APPROVED
cmlulcd3n00ept7g527j6ejaw,cmlul7wo7002xt7xromhsae0o,REWARD,UNIT,Hoàn thành xuất sắc nhiệm vụ năm 2024,Có thành tích xuất sắc trong công tác,,,2024-01-01 00:00:00,,,,,,ACTIVE,,,,,,2026-02-20 07:51:13.235,2026-02-20 07:51:13.235,,,,,,,,,,APPROVED
cmlulcd3r00ert7g5h81elg2t,cmlul7wou003pt7xrgwzhnef4,REWARD,UNIT,Hoàn thành xuất sắc nhiệm vụ năm 2024,Có thành tích xuất sắc trong công tác,,,2024-01-01 00:00:00,,,,,,ACTIVE,,,,,,2026-02-20 07:51:13.239,2026-02-20 07:51:13.239,,,,,,,,,,APPROVED
cmlulcd3u00ett7g5uzw7phok,cmlul7wpm004lt7xrx2aqui72,REWARD,UNIT,Hoàn thành xuất sắc nhiệm vụ năm 2024,Có thành tích xuất sắc trong công tác,,,2024-01-01 00:00:00,,,,,,ACTIVE,,,,,,2026-02-20 07:51:13.243,2026-02-20 07:51:13.243,,,,,,,,,,APPROVED
cmlulcd3x00evt7g5agb6cy2r,cmgd39s0f0006w1u9qki47uta,REWARD,UNIT,Hoàn thành xuất sắc nhiệm vụ năm 2024,Có thành tích xuất sắc trong công tác,,,2024-01-01 00:00:00,,,,,,ACTIVE,,,,,,2026-02-20 07:51:13.245,2026-02-20 07:51:13.245,,,,,,,,,,APPROVED
cmlulcd4000ext7g5ookfui6l,cmlul7wr7006ht7xrgcvayqww,REWARD,UNIT,Hoàn thành xuất sắc nhiệm vụ năm 2024,Có thành tích xuất sắc trong công tác,,,2024-01-01 00:00:00,,,,,,ACTIVE,,,,,,2026-02-20 07:51:13.249,2026-02-20 07:51:13.249,,,,,,,,,,APPROVED
cmlulcd4400ezt7g5kvgzl8m1,cmlul7xc400v1t7xrs3jffjih,REWARD,UNIT,Hoàn thành xuất sắc nhiệm vụ năm 2024,Có thành tích xuất sắc trong công tác,,,2024-01-01 00:00:00,,,,,,ACTIVE,,,,,,2026-02-20 07:51:13.252,2026-02-20 07:51:13.252,,,,,,,,,,APPROVED
cmlulcd4a00f1t7g5vo52nazq,cmlul7xcb00v9t7xrqkkb48mf,REWARD,UNIT,Hoàn thành xuất sắc nhiệm vụ năm 2024,Có thành tích xuất sắc trong công tác,,,2024-01-01 00:00:00,,,,,,ACTIVE,,,,,,2026-02-20 07:51:13.258,2026-02-20 07:51:13.258,,,,,,,,,,APPROVED
cmlulcd4d00f3t7g5dtvqa445,cmlul7xce00vdt7xr5f41nf6l,REWARD,UNIT,Hoàn thành xuất sắc nhiệm vụ năm 2024,Có thành tích xuất sắc trong công tác,,,2024-01-01 00:00:00,,,,,,ACTIVE,,,,,,2026-02-20 07:51:13.262,2026-02-20 07:51:13.262,,,,,,,,,,APPROVED
cmlulcd4h00f5t7g5pvsi2siw,cmlul7ws7007pt7xrzluqip11,REWARD,UNIT,Hoàn thành xuất sắc nhiệm vụ năm 2024,Có thành tích xuất sắc trong công tác,,,2024-01-01 00:00:00,,,,,,ACTIVE,,,,,,2026-02-20 07:51:13.266,2026-02-20 07:51:13.266,,,,,,,,,,APPROVED
cmlulcd4l00f7t7g54uklbyle,cmlul7x2h00jlt7xrohxt6t6n,REWARD,UNIT,Hoàn thành xuất sắc nhiệm vụ năm 2024,Có thành tích xuất sắc trong công tác,,,2024-01-01 00:00:00,,,,,,ACTIVE,,,,,,2026-02-20 07:51:13.27,2026-02-20 07:51:13.27,,,,,,,,,,APPROVED
cmlulcd4p00f9t7g5rgy0xtzm,cmlul7x3800kht7xr9haogfcn,REWARD,UNIT,Hoàn thành xuất sắc nhiệm vụ năm 2024,Có thành tích xuất sắc trong công tác,,,2024-01-01 00:00:00,,,,,,ACTIVE,,,,,,2026-02-20 07:51:13.273,2026-02-20 07:51:13.273,,,,,,,,,,APPROVED
cmlulcd4s00fbt7g54wcv7rj5,cmlul7x4h00lxt7xrxt84sz0p,REWARD,UNIT,Hoàn thành xuất sắc nhiệm vụ năm 2024,Có thành tích xuất sắc trong công tác,,,2024-01-01 00:00:00,,,,,,ACTIVE,,,,,,2026-02-20 07:51:13.276,2026-02-20 07:51:13.276,,,,,,,,,,APPROVED
cmlulcd4v00fdt7g5ltkloq7q,cmlul7x4v00mdt7xrnxqojfwv,REWARD,UNIT,Hoàn thành xuất sắc nhiệm vụ năm 2024,Có thành tích xuất sắc trong công tác,,,2024-01-01 00:00:00,,,,,,ACTIVE,,,,,,2026-02-20 07:51:13.279,2026-02-20 07:51:13.279,,,,,,,,,,APPROVED
cmlulcd4y00fft7g5xjipt5xn,cmlul7x5m00n9t7xraeknujdn,REWARD,UNIT,Hoàn thành xuất sắc nhiệm vụ năm 2024,Có thành tích xuất sắc trong công tác,,,2024-01-01 00:00:00,,,,,,ACTIVE,,,,,,2026-02-20 07:51:13.283,2026-02-20 07:51:13.283,,,,,,,,,,APPROVED
cmlulcd5300fht7g5xj1qlwhg,cmlul7x6v00opt7xr83ldkm9i,REWARD,UNIT,Hoàn thành xuất sắc nhiệm vụ năm 2024,Có thành tích xuất sắc trong công tác,,,2024-01-01 00:00:00,,,,,,ACTIVE,,,,,,2026-02-20 07:51:13.287,2026-02-20 07:51:13.287,,,,,,,,,,APPROVED
cmlulcd5600fjt7g5zfeizkdx,cmlul7x7800p5t7xru644n061,REWARD,UNIT,Hoàn thành xuất sắc nhiệm vụ năm 2024,Có thành tích xuất sắc trong công tác,,,2024-01-01 00:00:00,,,,,,ACTIVE,,,,,,2026-02-20 07:51:13.29,2026-02-20 07:51:13.29,,,,,,,,,,APPROVED
cmlulcd5a00flt7g5zhys1wck,cmlul7x7w00pxt7xr77emzkck,REWARD,UNIT,Hoàn thành xuất sắc nhiệm vụ năm 2024,Có thành tích xuất sắc trong công tác,,,2024-01-01 00:00:00,,,,,,ACTIVE,,,,,,2026-02-20 07:51:13.295,2026-02-20 07:51:13.295,,,,,,,,,,APPROVED
cmlulcd5e00fnt7g584ztx72p,cmlul7x9300rdt7xr9n6uuqyn,REWARD,UNIT,Hoàn thành xuất sắc nhiệm vụ năm 2024,Có thành tích xuất sắc trong công tác,,,2024-01-01 00:00:00,,,,,,ACTIVE,,,,,,2026-02-20 07:51:13.298,2026-02-20 07:51:13.298,,,,,,,,,,APPROVED
cmlulcd5h00fpt7g5sk8ur67s,cmlul7x9o00s1t7xrqbk1souu,REWARD,UNIT,Hoàn thành xuất sắc nhiệm vụ năm 2024,Có thành tích xuất sắc trong công tác,,,2024-01-01 00:00:00,,,,,,ACTIVE,,,,,,2026-02-20 07:51:13.302,2026-02-20 07:51:13.302,,,,,,,,,,APPROVED
cmlulcd5l00frt7g5ngm6xpg6,cmlul7xak00t5t7xrf89k48uo,REWARD,UNIT,Hoàn thành xuất sắc nhiệm vụ năm 2024,Có thành tích xuất sắc trong công tác,,,2024-01-01 00:00:00,,,,,,ACTIVE,,,,,,2026-02-20 07:51:13.305,2026-02-20 07:51:13.305,,,,,,,,,,APPROVED
cmlulcd5o00ftt7g5esijwj3j,cmlul7xbo00uht7xrrahz0d2t,REWARD,UNIT,Hoàn thành xuất sắc nhiệm vụ năm 2024,Có thành tích xuất sắc trong công tác,,,2024-01-01 00:00:00,,,,,,ACTIVE,,,,,,2026-02-20 07:51:13.308,2026-02-20 07:51:13.308,,,,,,,,,,APPROVED
cmlulcd5r00fvt7g55qd6htw3,cmlul7xc100uxt7xrtetwhw2u,REWARD,UNIT,Hoàn thành xuất sắc nhiệm vụ năm 2024,Có thành tích xuất sắc trong công tác,,,2024-01-01 00:00:00,,,,,,ACTIVE,,,,,,2026-02-20 07:51:13.312,2026-02-20 07:51:13.312,,,,,,,,,,APPROVED
cmlulcd5v00fxt7g5nflagahb,cmlul7xc800v5t7xrkqidbgd6,REWARD,UNIT,Hoàn thành xuất sắc nhiệm vụ năm 2024,Có thành tích xuất sắc trong công tác,,,2024-01-01 00:00:00,,,,,,ACTIVE,,,,,,2026-02-20 07:51:13.316,2026-02-20 07:51:13.316,,,,,,,,,,APPROVED
